order_id,day,shipping_wave,sku_id,quantity
ORD_00001,6,Afternoon,SKU_108,772
ORD_00001,6,Afternoon,SKU_376,302
ORD_00001,6,Afternoon,SKU_015,510
ORD_00001,6,Afternoon,SKU_010,231
ORD_00001,6,Afternoon,SKU_473,227
ORD_00002,22,Morning,SKU_192,371
ORD_00002,22,Morning,SKU_156,608
ORD_00002,22,Morning,SKU_452,404
ORD_00002,22,Morning,SKU_321,530
ORD_00002,22,Morning,SKU_100,338
ORD_00003,1,Morning,SKU_108,714
ORD_00003,1,Morning,SKU_376,240
ORD_00003,1,Morning,SKU_388,758
ORD_00003,1,Morning,SKU_079,675
ORD_00004,16,Morning,SKU_008,364
ORD_00004,16,Morning,SKU_162,688
ORD_00004,16,Morning,SKU_318,735
ORD_00005,10,Morning,SKU_192,499
ORD_00006,24,Morning,SKU_153,115
ORD_00006,24,Morning,SKU_382,70
ORD_00006,24,Morning,SKU_459,490
ORD_00006,24,Morning,SKU_248,693
ORD_00006,24,Morning,SKU_009,231
ORD_00007,18,Afternoon,SKU_310,126
ORD_00007,18,Afternoon,SKU_001,558
ORD_00007,18,Afternoon,SKU_329,444
ORD_00008,12,Morning,SKU_403,446
ORD_00008,12,Morning,SKU_442,443
ORD_00008,12,Morning,SKU_270,893
ORD_00008,12,Morning,SKU_250,404
ORD_00008,12,Morning,SKU_093,217
ORD_00009,14,Morning,SKU_090,704
ORD_00009,14,Morning,SKU_055,279
ORD_00009,14,Morning,SKU_320,569
ORD_00009,14,Morning,SKU_156,426
ORD_00010,30,Afternoon,SKU_290,1422
ORD_00010,30,Afternoon,SKU_463,377
ORD_00010,30,Afternoon,SKU_061,1027
ORD_00010,30,Afternoon,SKU_108,707
ORD_00011,21,Morning,SKU_360,329
ORD_00011,21,Morning,SKU_481,229
ORD_00011,21,Morning,SKU_370,570
ORD_00011,21,Morning,SKU_131,392
ORD_00011,21,Morning,SKU_409,285
ORD_00011,21,Morning,SKU_363,326
ORD_00012,25,Morning,SKU_441,227
ORD_00012,25,Morning,SKU_105,155
ORD_00012,25,Morning,SKU_480,468
ORD_00012,25,Morning,SKU_491,144
ORD_00012,25,Morning,SKU_388,467
ORD_00012,25,Morning,SKU_342,369
ORD_00012,25,Morning,SKU_286,469
ORD_00013,25,Afternoon,SKU_176,161
ORD_00013,25,Afternoon,SKU_039,122
ORD_00013,25,Afternoon,SKU_446,342
ORD_00013,25,Afternoon,SKU_109,422
ORD_00013,25,Afternoon,SKU_324,505
ORD_00013,25,Afternoon,SKU_100,109
ORD_00013,25,Afternoon,SKU_168,115
ORD_00014,11,Afternoon,SKU_089,426
ORD_00014,11,Afternoon,SKU_313,606
ORD_00014,11,Afternoon,SKU_052,569
ORD_00014,11,Afternoon,SKU_354,790
ORD_00014,11,Afternoon,SKU_046,449
ORD_00015,21,Afternoon,SKU_481,941
ORD_00015,21,Afternoon,SKU_080,1185
ORD_00016,18,Morning,SKU_293,465
ORD_00017,17,Afternoon,SKU_021,514
ORD_00017,17,Afternoon,SKU_288,637
ORD_00017,17,Afternoon,SKU_378,301
ORD_00017,17,Afternoon,SKU_110,139
ORD_00017,17,Afternoon,SKU_091,359
ORD_00017,17,Afternoon,SKU_205,105
ORD_00017,17,Afternoon,SKU_308,154
ORD_00017,17,Afternoon,SKU_374,54
ORD_00018,8,Afternoon,SKU_430,554
ORD_00018,8,Afternoon,SKU_192,72
ORD_00018,8,Afternoon,SKU_021,163
ORD_00018,8,Afternoon,SKU_115,379
ORD_00018,8,Afternoon,SKU_379,571
ORD_00018,8,Afternoon,SKU_028,501
ORD_00019,1,Afternoon,SKU_491,691
ORD_00019,1,Afternoon,SKU_463,434
ORD_00019,1,Afternoon,SKU_324,697
ORD_00019,1,Afternoon,SKU_085,918
ORD_00020,26,Morning,SKU_404,710
ORD_00020,26,Morning,SKU_297,357
ORD_00021,11,Morning,SKU_052,831
ORD_00021,11,Morning,SKU_004,164
ORD_00022,29,Afternoon,SKU_256,442
ORD_00022,29,Afternoon,SKU_068,118
ORD_00022,29,Afternoon,SKU_115,237
ORD_00022,29,Afternoon,SKU_352,321
ORD_00022,29,Afternoon,SKU_378,487
ORD_00022,29,Afternoon,SKU_470,462
ORD_00022,29,Afternoon,SKU_123,119
ORD_00023,6,Afternoon,SKU_405,314
ORD_00023,6,Afternoon,SKU_040,725
ORD_00023,6,Afternoon,SKU_326,115
ORD_00023,6,Afternoon,SKU_426,401
ORD_00023,6,Afternoon,SKU_174,486
ORD_00023,6,Afternoon,SKU_418,751
ORD_00024,8,Morning,SKU_041,548
ORD_00024,8,Morning,SKU_480,808
ORD_00024,8,Morning,SKU_087,266
ORD_00024,8,Morning,SKU_040,761
ORD_00024,8,Morning,SKU_014,155
ORD_00024,8,Morning,SKU_422,148
ORD_00025,25,Morning,SKU_459,282
ORD_00025,25,Morning,SKU_469,1100
ORD_00025,25,Morning,SKU_017,649
ORD_00025,25,Morning,SKU_027,224
ORD_00025,25,Morning,SKU_433,346
ORD_00026,28,Morning,SKU_070,314
ORD_00026,28,Morning,SKU_244,974
ORD_00026,28,Morning,SKU_062,411
ORD_00026,28,Morning,SKU_470,93
ORD_00026,28,Morning,SKU_069,553
ORD_00026,28,Morning,SKU_083,127
ORD_00026,28,Morning,SKU_125,60
ORD_00026,28,Morning,SKU_462,233
ORD_00027,15,Afternoon,SKU_253,257
ORD_00027,15,Afternoon,SKU_373,746
ORD_00027,15,Afternoon,SKU_094,442
ORD_00027,15,Afternoon,SKU_041,290
ORD_00027,15,Afternoon,SKU_448,536
ORD_00028,11,Afternoon,SKU_049,1140
ORD_00028,11,Afternoon,SKU_378,525
ORD_00028,11,Afternoon,SKU_077,105
ORD_00028,11,Afternoon,SKU_384,742
ORD_00028,11,Afternoon,SKU_473,206
ORD_00028,11,Afternoon,SKU_041,265
ORD_00029,18,Afternoon,SKU_327,764
ORD_00029,18,Afternoon,SKU_251,538
ORD_00029,18,Afternoon,SKU_374,545
ORD_00029,18,Afternoon,SKU_262,441
ORD_00030,21,Afternoon,SKU_130,603
ORD_00030,21,Afternoon,SKU_463,600
ORD_00031,11,Morning,SKU_381,261
ORD_00031,11,Morning,SKU_353,576
ORD_00031,11,Morning,SKU_412,195
ORD_00031,11,Morning,SKU_212,288
ORD_00031,11,Morning,SKU_445,269
ORD_00031,11,Morning,SKU_087,290
ORD_00031,11,Morning,SKU_217,463
ORD_00031,11,Morning,SKU_262,740
ORD_00032,16,Afternoon,SKU_497,678
ORD_00032,16,Afternoon,SKU_223,1071
ORD_00032,16,Afternoon,SKU_375,609
ORD_00033,20,Morning,SKU_168,833
ORD_00033,20,Morning,SKU_495,306
ORD_00033,20,Morning,SKU_059,218
ORD_00033,20,Morning,SKU_475,168
ORD_00033,20,Morning,SKU_288,146
ORD_00033,20,Morning,SKU_263,824
ORD_00034,8,Afternoon,SKU_441,593
ORD_00034,8,Afternoon,SKU_074,201
ORD_00034,8,Afternoon,SKU_369,255
ORD_00034,8,Afternoon,SKU_358,779
ORD_00034,8,Afternoon,SKU_081,436
ORD_00035,19,Afternoon,SKU_024,910
ORD_00035,19,Afternoon,SKU_115,486
ORD_00035,19,Afternoon,SKU_186,187
ORD_00035,19,Afternoon,SKU_319,234
ORD_00035,19,Afternoon,SKU_376,73
ORD_00035,19,Afternoon,SKU_047,381
ORD_00036,10,Afternoon,SKU_037,549
ORD_00037,4,Afternoon,SKU_037,847
ORD_00037,4,Afternoon,SKU_311,819
ORD_00037,4,Afternoon,SKU_026,194
ORD_00037,4,Afternoon,SKU_195,479
ORD_00037,4,Afternoon,SKU_010,304
ORD_00038,28,Afternoon,SKU_108,275
ORD_00038,28,Afternoon,SKU_194,1025
ORD_00038,28,Afternoon,SKU_302,228
ORD_00038,28,Afternoon,SKU_068,711
ORD_00038,28,Afternoon,SKU_256,126
ORD_00038,28,Afternoon,SKU_169,284
ORD_00039,9,Afternoon,SKU_134,930
ORD_00039,9,Afternoon,SKU_495,440
ORD_00039,9,Afternoon,SKU_105,679
ORD_00039,9,Afternoon,SKU_447,437
ORD_00039,9,Afternoon,SKU_027,467
ORD_00040,27,Afternoon,SKU_353,235
ORD_00040,27,Afternoon,SKU_375,676
ORD_00040,27,Afternoon,SKU_412,540
ORD_00040,27,Afternoon,SKU_448,296
ORD_00041,9,Morning,SKU_480,844
ORD_00041,9,Morning,SKU_324,160
ORD_00041,9,Morning,SKU_243,655
ORD_00042,14,Morning,SKU_162,1129
ORD_00042,14,Morning,SKU_363,74
ORD_00042,14,Morning,SKU_369,462
ORD_00042,14,Morning,SKU_015,417
ORD_00042,14,Morning,SKU_405,160
ORD_00042,14,Morning,SKU_093,87
ORD_00043,19,Afternoon,SKU_001,984
ORD_00043,19,Afternoon,SKU_272,211
ORD_00043,19,Afternoon,SKU_111,759
ORD_00044,13,Morning,SKU_407,736
ORD_00044,13,Morning,SKU_264,586
ORD_00044,13,Morning,SKU_176,253
ORD_00044,13,Morning,SKU_446,359
ORD_00044,13,Morning,SKU_473,154
ORD_00044,13,Morning,SKU_232,287
ORD_00045,23,Afternoon,SKU_375,178
ORD_00045,23,Afternoon,SKU_048,540
ORD_00045,23,Afternoon,SKU_318,855
ORD_00045,23,Afternoon,SKU_280,761
ORD_00045,23,Afternoon,SKU_169,845
ORD_00046,24,Afternoon,SKU_105,840
ORD_00046,24,Afternoon,SKU_311,924
ORD_00046,24,Afternoon,SKU_324,874
ORD_00046,24,Afternoon,SKU_100,244
ORD_00047,21,Afternoon,SKU_296,188
ORD_00047,21,Afternoon,SKU_174,132
ORD_00047,21,Afternoon,SKU_120,1131
ORD_00048,18,Afternoon,SKU_415,226
ORD_00048,18,Afternoon,SKU_010,624
ORD_00048,18,Afternoon,SKU_243,185
ORD_00048,18,Afternoon,SKU_064,239
ORD_00048,18,Afternoon,SKU_223,681
ORD_00048,18,Afternoon,SKU_354,612
ORD_00049,21,Morning,SKU_386,477
ORD_00049,21,Morning,SKU_125,345
ORD_00049,21,Morning,SKU_393,364
ORD_00049,21,Morning,SKU_168,387
ORD_00049,21,Morning,SKU_021,231
ORD_00049,21,Morning,SKU_327,486
ORD_00050,2,Morning,SKU_478,407
ORD_00050,2,Morning,SKU_375,378
ORD_00051,15,Morning,SKU_384,591
ORD_00051,15,Morning,SKU_187,652
ORD_00051,15,Morning,SKU_255,736
ORD_00051,15,Morning,SKU_354,159
ORD_00051,15,Morning,SKU_327,222
ORD_00051,15,Morning,SKU_021,316
ORD_00052,22,Afternoon,SKU_375,621
ORD_00052,22,Afternoon,SKU_384,845
ORD_00053,10,Afternoon,SKU_414,135
ORD_00053,10,Afternoon,SKU_017,672
ORD_00053,10,Afternoon,SKU_335,307
ORD_00053,10,Afternoon,SKU_090,82
ORD_00053,10,Afternoon,SKU_359,219
ORD_00053,10,Afternoon,SKU_312,907
ORD_00054,5,Morning,SKU_186,54
ORD_00054,5,Morning,SKU_388,741
ORD_00054,5,Morning,SKU_105,359
ORD_00054,5,Morning,SKU_001,894
ORD_00054,5,Morning,SKU_403,444
ORD_00055,22,Morning,SKU_084,354
ORD_00055,22,Morning,SKU_217,1219
ORD_00055,22,Morning,SKU_093,274
ORD_00055,22,Morning,SKU_352,548
ORD_00055,22,Morning,SKU_079,170
ORD_00055,22,Morning,SKU_304,488
ORD_00056,13,Morning,SKU_378,510
ORD_00057,17,Afternoon,SKU_415,531
ORD_00057,17,Afternoon,SKU_294,299
ORD_00057,17,Afternoon,SKU_408,438
ORD_00057,17,Afternoon,SKU_469,708
ORD_00058,6,Afternoon,SKU_455,500
ORD_00058,6,Afternoon,SKU_097,135
ORD_00058,6,Afternoon,SKU_175,828
ORD_00058,6,Afternoon,SKU_004,588
ORD_00058,6,Afternoon,SKU_091,367
ORD_00058,6,Afternoon,SKU_118,368
ORD_00059,14,Afternoon,SKU_259,658
ORD_00059,14,Afternoon,SKU_354,153
ORD_00059,14,Afternoon,SKU_303,237
ORD_00059,14,Afternoon,SKU_447,874
ORD_00059,14,Afternoon,SKU_229,303
ORD_00059,14,Afternoon,SKU_251,233
ORD_00059,14,Afternoon,SKU_015,158
ORD_00059,14,Afternoon,SKU_255,236
ORD_00060,5,Afternoon,SKU_159,127
ORD_00060,5,Afternoon,SKU_174,568
ORD_00060,5,Afternoon,SKU_037,186
ORD_00060,5,Afternoon,SKU_059,363
ORD_00060,5,Afternoon,SKU_475,528
ORD_00060,5,Afternoon,SKU_070,193
ORD_00061,5,Morning,SKU_014,587
ORD_00061,5,Morning,SKU_320,1325
ORD_00061,5,Morning,SKU_279,818
ORD_00061,5,Morning,SKU_326,72
ORD_00061,5,Morning,SKU_213,91
ORD_00061,5,Morning,SKU_243,184
ORD_00062,10,Morning,SKU_478,186
ORD_00062,10,Morning,SKU_223,1034
ORD_00062,10,Morning,SKU_326,566
ORD_00062,10,Morning,SKU_363,280
ORD_00062,10,Morning,SKU_293,196
ORD_00063,26,Morning,SKU_297,362
ORD_00063,26,Morning,SKU_255,1061
ORD_00063,26,Morning,SKU_037,307
ORD_00063,26,Morning,SKU_488,330
ORD_00064,16,Afternoon,SKU_342,57
ORD_00064,16,Afternoon,SKU_335,109
ORD_00064,16,Afternoon,SKU_011,577
ORD_00064,16,Afternoon,SKU_404,681
ORD_00065,5,Morning,SKU_386,588
ORD_00065,5,Morning,SKU_384,720
ORD_00065,5,Morning,SKU_018,412
ORD_00065,5,Morning,SKU_291,653
ORD_00066,30,Afternoon,SKU_360,472
ORD_00066,30,Afternoon,SKU_345,305
ORD_00066,30,Afternoon,SKU_328,1023
ORD_00066,30,Afternoon,SKU_104,242
ORD_00066,30,Afternoon,SKU_441,680
ORD_00067,24,Morning,SKU_410,291
ORD_00067,24,Morning,SKU_217,624
ORD_00067,24,Morning,SKU_067,217
ORD_00068,23,Morning,SKU_352,855
ORD_00068,23,Morning,SKU_119,305
ORD_00068,23,Morning,SKU_021,554
ORD_00068,23,Morning,SKU_317,83
ORD_00069,15,Afternoon,SKU_111,891
ORD_00069,15,Afternoon,SKU_324,873
ORD_00069,15,Afternoon,SKU_280,214
ORD_00069,15,Afternoon,SKU_007,205
ORD_00069,15,Afternoon,SKU_473,162
ORD_00069,15,Afternoon,SKU_447,634
ORD_00069,15,Afternoon,SKU_052,192
ORD_00070,6,Afternoon,SKU_242,87
ORD_00070,6,Afternoon,SKU_046,299
ORD_00070,6,Afternoon,SKU_052,887
ORD_00070,6,Afternoon,SKU_108,94
ORD_00070,6,Afternoon,SKU_451,583
ORD_00070,6,Afternoon,SKU_144,488
ORD_00071,2,Morning,SKU_244,1259
ORD_00071,2,Morning,SKU_122,481
ORD_00071,2,Morning,SKU_373,998
ORD_00071,2,Morning,SKU_250,1512
ORD_00072,4,Afternoon,SKU_059,187
ORD_00072,4,Afternoon,SKU_322,254
ORD_00072,4,Afternoon,SKU_100,122
ORD_00072,4,Afternoon,SKU_153,233
ORD_00072,4,Afternoon,SKU_017,552
ORD_00073,1,Afternoon,SKU_232,191
ORD_00073,1,Afternoon,SKU_205,285
ORD_00073,1,Afternoon,SKU_225,277
ORD_00074,3,Morning,SKU_305,911
ORD_00074,3,Morning,SKU_469,609
ORD_00074,3,Morning,SKU_284,283
ORD_00075,9,Afternoon,SKU_008,280
ORD_00075,9,Afternoon,SKU_376,351
ORD_00075,9,Afternoon,SKU_186,101
ORD_00075,9,Afternoon,SKU_313,212
ORD_00075,9,Afternoon,SKU_097,126
ORD_00075,9,Afternoon,SKU_480,326
ORD_00075,9,Afternoon,SKU_286,300
ORD_00075,9,Afternoon,SKU_100,453
ORD_00076,1,Afternoon,SKU_316,856
ORD_00076,1,Afternoon,SKU_380,361
ORD_00076,1,Afternoon,SKU_008,593
ORD_00076,1,Afternoon,SKU_447,943
ORD_00077,17,Afternoon,SKU_181,833
ORD_00077,17,Afternoon,SKU_406,547
ORD_00077,17,Afternoon,SKU_070,574
ORD_00077,17,Afternoon,SKU_423,187
ORD_00078,26,Morning,SKU_069,376
ORD_00078,26,Morning,SKU_308,911
ORD_00078,26,Morning,SKU_092,1201
ORD_00078,26,Morning,SKU_050,151
ORD_00078,26,Morning,SKU_232,80
ORD_00078,26,Morning,SKU_360,386
ORD_00079,29,Morning,SKU_473,561
ORD_00079,29,Morning,SKU_168,703
ORD_00079,29,Morning,SKU_180,252
ORD_00079,29,Morning,SKU_423,288
ORD_00079,29,Morning,SKU_052,419
ORD_00080,30,Morning,SKU_027,401
ORD_00080,30,Morning,SKU_372,320
ORD_00080,30,Morning,SKU_133,258
ORD_00080,30,Morning,SKU_116,365
ORD_00080,30,Morning,SKU_156,317
ORD_00080,30,Morning,SKU_264,404
ORD_00081,7,Afternoon,SKU_161,425
ORD_00081,7,Afternoon,SKU_372,177
ORD_00081,7,Afternoon,SKU_487,210
ORD_00081,7,Afternoon,SKU_059,353
ORD_00081,7,Afternoon,SKU_326,469
ORD_00081,7,Afternoon,SKU_255,282
ORD_00082,21,Afternoon,SKU_250,163
ORD_00082,21,Afternoon,SKU_490,387
ORD_00082,21,Afternoon,SKU_001,270
ORD_00082,21,Afternoon,SKU_270,418
ORD_00082,21,Afternoon,SKU_015,113
ORD_00082,21,Afternoon,SKU_373,533
ORD_00082,21,Afternoon,SKU_492,215
ORD_00082,21,Afternoon,SKU_228,689
ORD_00082,21,Afternoon,SKU_476,115
ORD_00083,7,Afternoon,SKU_318,166
ORD_00083,7,Afternoon,SKU_014,692
ORD_00083,7,Afternoon,SKU_489,144
ORD_00083,7,Afternoon,SKU_105,852
ORD_00083,7,Afternoon,SKU_226,84
ORD_00083,7,Afternoon,SKU_469,305
ORD_00083,7,Afternoon,SKU_262,384
ORD_00084,10,Morning,SKU_021,426
ORD_00085,6,Morning,SKU_326,524
ORD_00085,6,Morning,SKU_423,85
ORD_00085,6,Morning,SKU_495,689
ORD_00085,6,Morning,SKU_476,1254
ORD_00086,9,Morning,SKU_066,787
ORD_00086,9,Morning,SKU_327,761
ORD_00086,9,Morning,SKU_353,560
ORD_00086,9,Morning,SKU_192,592
ORD_00087,4,Afternoon,SKU_250,1538
ORD_00087,4,Afternoon,SKU_488,461
ORD_00087,4,Afternoon,SKU_041,1114
ORD_00087,4,Afternoon,SKU_258,449
ORD_00088,26,Afternoon,SKU_326,305
ORD_00088,26,Afternoon,SKU_100,168
ORD_00088,26,Afternoon,SKU_281,527
ORD_00088,26,Afternoon,SKU_079,379
ORD_00088,26,Afternoon,SKU_374,242
ORD_00088,26,Afternoon,SKU_442,267
ORD_00088,26,Afternoon,SKU_439,605
ORD_00089,7,Morning,SKU_272,339
ORD_00089,7,Morning,SKU_052,815
ORD_00089,7,Morning,SKU_446,446
ORD_00089,7,Morning,SKU_014,438
ORD_00090,6,Morning,SKU_463,282
ORD_00090,6,Morning,SKU_416,114
ORD_00090,6,Morning,SKU_017,526
ORD_00090,6,Morning,SKU_250,662
ORD_00090,6,Morning,SKU_445,948
ORD_00090,6,Morning,SKU_386,234
ORD_00091,28,Afternoon,SKU_463,655
ORD_00092,16,Morning,SKU_093,191
ORD_00092,16,Morning,SKU_040,775
ORD_00092,16,Morning,SKU_398,675
ORD_00092,16,Morning,SKU_335,226
ORD_00092,16,Morning,SKU_156,289
ORD_00093,5,Afternoon,SKU_111,1129
ORD_00093,5,Afternoon,SKU_484,527
ORD_00093,5,Afternoon,SKU_326,354
ORD_00093,5,Afternoon,SKU_375,605
ORD_00093,5,Afternoon,SKU_087,186
ORD_00094,26,Morning,SKU_125,426
ORD_00094,26,Morning,SKU_462,123
ORD_00094,26,Morning,SKU_046,581
ORD_00094,26,Morning,SKU_256,408
ORD_00094,26,Morning,SKU_179,613
ORD_00095,15,Afternoon,SKU_037,955
ORD_00095,15,Afternoon,SKU_085,1013
ORD_00095,15,Afternoon,SKU_259,633
ORD_00095,15,Afternoon,SKU_158,307
ORD_00095,15,Afternoon,SKU_070,124
ORD_00096,2,Afternoon,SKU_443,54
ORD_00096,2,Afternoon,SKU_426,139
ORD_00096,2,Afternoon,SKU_327,425
ORD_00096,2,Afternoon,SKU_047,885
ORD_00096,2,Afternoon,SKU_251,567
ORD_00096,2,Afternoon,SKU_194,419
ORD_00096,2,Afternoon,SKU_347,189
ORD_00096,2,Afternoon,SKU_093,85
ORD_00097,27,Afternoon,SKU_080,339
ORD_00097,27,Afternoon,SKU_115,484
ORD_00098,19,Morning,SKU_218,472
ORD_00098,19,Morning,SKU_481,1373
ORD_00098,19,Morning,SKU_460,207
ORD_00098,19,Morning,SKU_369,400
ORD_00098,19,Morning,SKU_191,120
ORD_00098,19,Morning,SKU_087,773
ORD_00099,6,Afternoon,SKU_414,611
ORD_00100,20,Morning,SKU_244,571
ORD_00100,20,Morning,SKU_415,287
ORD_00101,4,Afternoon,SKU_352,143
ORD_00101,4,Afternoon,SKU_018,118
ORD_00101,4,Afternoon,SKU_290,937
ORD_00101,4,Afternoon,SKU_055,383
ORD_00101,4,Afternoon,SKU_120,372
ORD_00101,4,Afternoon,SKU_333,1031
ORD_00102,22,Afternoon,SKU_031,296
ORD_00102,22,Afternoon,SKU_093,316
ORD_00102,22,Afternoon,SKU_195,142
ORD_00103,7,Afternoon,SKU_174,244
ORD_00103,7,Afternoon,SKU_428,443
ORD_00104,3,Morning,SKU_495,256
ORD_00104,3,Morning,SKU_305,384
ORD_00105,5,Afternoon,SKU_068,627
ORD_00105,5,Afternoon,SKU_324,881
ORD_00105,5,Afternoon,SKU_259,118
ORD_00105,5,Afternoon,SKU_452,526
ORD_00105,5,Afternoon,SKU_028,493
ORD_00105,5,Afternoon,SKU_286,123
ORD_00106,15,Afternoon,SKU_235,899
ORD_00106,15,Afternoon,SKU_290,1466
ORD_00106,15,Afternoon,SKU_331,564
ORD_00106,15,Afternoon,SKU_244,63
ORD_00107,5,Afternoon,SKU_159,487
ORD_00107,5,Afternoon,SKU_244,1298
ORD_00108,11,Morning,SKU_409,469
ORD_00108,11,Morning,SKU_481,243
ORD_00109,22,Morning,SKU_234,258
ORD_00109,22,Morning,SKU_459,570
ORD_00109,22,Morning,SKU_156,127
ORD_00109,22,Morning,SKU_324,532
ORD_00109,22,Morning,SKU_279,337
ORD_00109,22,Morning,SKU_068,235
ORD_00109,22,Morning,SKU_093,271
ORD_00109,22,Morning,SKU_070,449
ORD_00110,4,Morning,SKU_490,1095
ORD_00110,4,Morning,SKU_079,356
ORD_00110,4,Morning,SKU_475,448
ORD_00110,4,Morning,SKU_409,209
ORD_00110,4,Morning,SKU_497,269
ORD_00111,2,Afternoon,SKU_049,855
ORD_00111,2,Afternoon,SKU_134,860
ORD_00111,2,Afternoon,SKU_186,141
ORD_00111,2,Afternoon,SKU_009,465
ORD_00111,2,Afternoon,SKU_445,919
ORD_00111,2,Afternoon,SKU_340,38
ORD_00112,2,Morning,SKU_405,229
ORD_00112,2,Morning,SKU_375,719
ORD_00112,2,Morning,SKU_462,273
ORD_00112,2,Morning,SKU_087,989
ORD_00112,2,Morning,SKU_403,97
ORD_00112,2,Morning,SKU_052,844
ORD_00113,6,Afternoon,SKU_331,266
ORD_00113,6,Afternoon,SKU_312,139
ORD_00113,6,Afternoon,SKU_064,98
ORD_00114,21,Afternoon,SKU_256,467
ORD_00114,21,Afternoon,SKU_087,1006
ORD_00114,21,Afternoon,SKU_456,279
ORD_00114,21,Afternoon,SKU_489,750
ORD_00114,21,Afternoon,SKU_270,110
ORD_00115,24,Afternoon,SKU_450,296
ORD_00115,24,Afternoon,SKU_040,864
ORD_00115,24,Afternoon,SKU_248,902
ORD_00115,24,Afternoon,SKU_019,141
ORD_00115,24,Afternoon,SKU_174,318
ORD_00116,14,Morning,SKU_388,267
ORD_00116,14,Morning,SKU_443,58
ORD_00116,14,Morning,SKU_305,697
ORD_00116,14,Morning,SKU_403,275
ORD_00116,14,Morning,SKU_067,951
ORD_00116,14,Morning,SKU_387,98
ORD_00116,14,Morning,SKU_010,221
ORD_00116,14,Morning,SKU_051,83
ORD_00117,5,Afternoon,SKU_186,427
ORD_00117,5,Afternoon,SKU_052,550
ORD_00117,5,Afternoon,SKU_159,343
ORD_00118,8,Afternoon,SKU_041,224
ORD_00118,8,Afternoon,SKU_360,477
ORD_00118,8,Afternoon,SKU_481,1395
ORD_00118,8,Afternoon,SKU_087,1060
ORD_00118,8,Afternoon,SKU_406,122
ORD_00119,17,Morning,SKU_475,309
ORD_00119,17,Morning,SKU_280,870
ORD_00119,17,Morning,SKU_251,129
ORD_00120,19,Morning,SKU_353,340
ORD_00120,19,Morning,SKU_379,198
ORD_00120,19,Morning,SKU_244,678
ORD_00120,19,Morning,SKU_441,199
ORD_00120,19,Morning,SKU_189,879
ORD_00120,19,Morning,SKU_162,787
ORD_00121,13,Morning,SKU_186,296
ORD_00121,13,Morning,SKU_326,65
ORD_00122,26,Afternoon,SKU_226,505
ORD_00122,26,Afternoon,SKU_018,512
ORD_00122,26,Afternoon,SKU_109,476
ORD_00122,26,Afternoon,SKU_394,360
ORD_00122,26,Afternoon,SKU_331,419
ORD_00123,3,Afternoon,SKU_452,909
ORD_00123,3,Afternoon,SKU_207,358
ORD_00123,3,Afternoon,SKU_174,297
ORD_00123,3,Afternoon,SKU_360,448
ORD_00123,3,Afternoon,SKU_149,354
ORD_00124,26,Afternoon,SKU_360,155
ORD_00124,26,Afternoon,SKU_120,240
ORD_00124,26,Afternoon,SKU_313,897
ORD_00124,26,Afternoon,SKU_351,893
ORD_00125,23,Afternoon,SKU_375,706
ORD_00125,23,Afternoon,SKU_485,260
ORD_00125,23,Afternoon,SKU_047,1055
ORD_00125,23,Afternoon,SKU_318,315
ORD_00125,23,Afternoon,SKU_379,105
ORD_00125,23,Afternoon,SKU_448,156
ORD_00126,10,Morning,SKU_270,163
ORD_00126,10,Morning,SKU_481,973
ORD_00126,10,Morning,SKU_144,953
ORD_00127,24,Morning,SKU_460,216
ORD_00127,24,Morning,SKU_010,181
ORD_00127,24,Morning,SKU_297,561
ORD_00127,24,Morning,SKU_144,771
ORD_00127,24,Morning,SKU_083,515
ORD_00127,24,Morning,SKU_405,199
ORD_00128,23,Morning,SKU_405,642
ORD_00129,7,Morning,SKU_408,140
ORD_00129,7,Morning,SKU_077,187
ORD_00129,7,Morning,SKU_352,762
ORD_00130,23,Afternoon,SKU_416,411
ORD_00130,23,Afternoon,SKU_046,318
ORD_00130,23,Afternoon,SKU_188,482
ORD_00130,23,Afternoon,SKU_111,924
ORD_00131,5,Morning,SKU_360,104
ORD_00131,5,Morning,SKU_090,103
ORD_00131,5,Morning,SKU_158,339
ORD_00131,5,Morning,SKU_170,882
ORD_00131,5,Morning,SKU_378,848
ORD_00131,5,Morning,SKU_189,825
ORD_00132,1,Afternoon,SKU_360,237
ORD_00132,1,Afternoon,SKU_145,476
ORD_00132,1,Afternoon,SKU_187,367
ORD_00132,1,Afternoon,SKU_007,909
ORD_00132,1,Afternoon,SKU_184,340
ORD_00133,11,Afternoon,SKU_156,249
ORD_00133,11,Afternoon,SKU_189,340
ORD_00133,11,Afternoon,SKU_255,337
ORD_00133,11,Afternoon,SKU_324,900
ORD_00134,28,Morning,SKU_084,831
ORD_00134,28,Morning,SKU_044,253
ORD_00134,28,Morning,SKU_373,346
ORD_00134,28,Morning,SKU_304,619
ORD_00135,30,Afternoon,SKU_094,834
ORD_00135,30,Afternoon,SKU_119,105
ORD_00135,30,Afternoon,SKU_156,93
ORD_00135,30,Afternoon,SKU_235,227
ORD_00135,30,Afternoon,SKU_288,898
ORD_00135,30,Afternoon,SKU_055,210
ORD_00135,30,Afternoon,SKU_342,61
ORD_00136,8,Afternoon,SKU_159,165
ORD_00136,8,Afternoon,SKU_414,517
ORD_00136,8,Afternoon,SKU_478,154
ORD_00136,8,Afternoon,SKU_360,117
ORD_00136,8,Afternoon,SKU_263,443
ORD_00136,8,Afternoon,SKU_029,353
ORD_00136,8,Afternoon,SKU_255,850
ORD_00136,8,Afternoon,SKU_244,204
ORD_00137,13,Morning,SKU_347,657
ORD_00137,13,Morning,SKU_018,671
ORD_00137,13,Morning,SKU_324,702
ORD_00137,13,Morning,SKU_174,228
ORD_00137,13,Morning,SKU_469,419
ORD_00138,14,Morning,SKU_144,398
ORD_00138,14,Morning,SKU_477,595
ORD_00138,14,Morning,SKU_481,380
ORD_00138,14,Morning,SKU_156,128
ORD_00138,14,Morning,SKU_189,322
ORD_00138,14,Morning,SKU_445,963
ORD_00138,14,Morning,SKU_176,70
ORD_00139,7,Morning,SKU_046,295
ORD_00139,7,Morning,SKU_462,736
ORD_00139,7,Morning,SKU_460,524
ORD_00139,7,Morning,SKU_205,170
ORD_00139,7,Morning,SKU_264,273
ORD_00139,7,Morning,SKU_146,479
ORD_00140,10,Afternoon,SKU_309,289
ORD_00140,10,Afternoon,SKU_404,438
ORD_00141,18,Afternoon,SKU_378,945
ORD_00141,18,Afternoon,SKU_225,286
ORD_00141,18,Afternoon,SKU_381,672
ORD_00141,18,Afternoon,SKU_129,288
ORD_00142,15,Afternoon,SKU_378,858
ORD_00142,15,Afternoon,SKU_497,293
ORD_00143,25,Morning,SKU_372,169
ORD_00143,25,Morning,SKU_354,673
ORD_00143,25,Morning,SKU_222,686
ORD_00143,25,Morning,SKU_250,851
ORD_00143,25,Morning,SKU_288,589
ORD_00144,27,Afternoon,SKU_408,256
ORD_00144,27,Afternoon,SKU_245,103
ORD_00144,27,Afternoon,SKU_082,712
ORD_00144,27,Afternoon,SKU_324,601
ORD_00144,27,Afternoon,SKU_014,135
ORD_00144,27,Afternoon,SKU_131,71
ORD_00144,27,Afternoon,SKU_227,464
ORD_00144,27,Afternoon,SKU_477,72
ORD_00144,27,Afternoon,SKU_108,167
ORD_00145,15,Morning,SKU_155,987
ORD_00145,15,Morning,SKU_186,388
ORD_00145,15,Morning,SKU_354,683
ORD_00145,15,Morning,SKU_286,559
ORD_00146,30,Morning,SKU_015,343
ORD_00146,30,Morning,SKU_353,382
ORD_00146,30,Morning,SKU_460,668
ORD_00146,30,Morning,SKU_120,318
ORD_00146,30,Morning,SKU_477,508
ORD_00146,30,Morning,SKU_447,235
ORD_00147,15,Morning,SKU_484,776
ORD_00147,15,Morning,SKU_478,72
ORD_00148,28,Afternoon,SKU_487,443
ORD_00148,28,Afternoon,SKU_305,711
ORD_00148,28,Afternoon,SKU_495,399
ORD_00148,28,Afternoon,SKU_279,246
ORD_00148,28,Afternoon,SKU_433,729
ORD_00148,28,Afternoon,SKU_386,34
ORD_00149,21,Morning,SKU_480,212
ORD_00149,21,Morning,SKU_264,147
ORD_00149,21,Morning,SKU_052,502
ORD_00149,21,Morning,SKU_386,296
ORD_00149,21,Morning,SKU_491,677
ORD_00149,21,Morning,SKU_286,165
ORD_00149,21,Morning,SKU_297,209
ORD_00150,13,Afternoon,SKU_255,249
ORD_00150,13,Afternoon,SKU_019,129
ORD_00150,13,Afternoon,SKU_449,282
ORD_00150,13,Afternoon,SKU_403,279
ORD_00150,13,Afternoon,SKU_028,1081
ORD_00150,13,Afternoon,SKU_299,149
ORD_00150,13,Afternoon,SKU_156,162
ORD_00151,29,Morning,SKU_313,693
ORD_00151,29,Morning,SKU_334,614
ORD_00151,29,Morning,SKU_324,511
ORD_00151,29,Morning,SKU_312,837
ORD_00151,29,Morning,SKU_405,223
ORD_00152,10,Morning,SKU_323,336
ORD_00152,10,Morning,SKU_287,524
ORD_00152,10,Morning,SKU_423,53
ORD_00152,10,Morning,SKU_204,351
ORD_00152,10,Morning,SKU_259,332
ORD_00152,10,Morning,SKU_189,367
ORD_00153,8,Morning,SKU_497,357
ORD_00153,8,Morning,SKU_085,825
ORD_00153,8,Morning,SKU_229,565
ORD_00153,8,Morning,SKU_379,631
ORD_00153,8,Morning,SKU_288,77
ORD_00154,17,Afternoon,SKU_014,434
ORD_00154,17,Afternoon,SKU_475,545
ORD_00154,17,Afternoon,SKU_082,130
ORD_00154,17,Afternoon,SKU_386,451
ORD_00154,17,Afternoon,SKU_079,394
ORD_00155,30,Afternoon,SKU_264,369
ORD_00155,30,Afternoon,SKU_204,277
ORD_00156,21,Afternoon,SKU_021,542
ORD_00156,21,Afternoon,SKU_476,248
ORD_00156,21,Afternoon,SKU_244,198
ORD_00156,21,Afternoon,SKU_144,809
ORD_00156,21,Afternoon,SKU_131,171
ORD_00156,21,Afternoon,SKU_460,126
ORD_00156,21,Afternoon,SKU_189,551
ORD_00157,8,Morning,SKU_152,1538
ORD_00157,8,Morning,SKU_373,398
ORD_00157,8,Morning,SKU_079,307
ORD_00157,8,Morning,SKU_272,530
ORD_00157,8,Morning,SKU_317,178
ORD_00158,30,Afternoon,SKU_220,533
ORD_00158,30,Afternoon,SKU_448,83
ORD_00158,30,Afternoon,SKU_369,490
ORD_00158,30,Afternoon,SKU_425,334
ORD_00158,30,Afternoon,SKU_270,343
ORD_00159,7,Morning,SKU_108,688
ORD_00159,7,Morning,SKU_326,385
ORD_00159,7,Morning,SKU_335,77
ORD_00159,7,Morning,SKU_130,768
ORD_00160,17,Afternoon,SKU_380,80
ORD_00160,17,Afternoon,SKU_005,635
ORD_00160,17,Afternoon,SKU_360,551
ORD_00160,17,Afternoon,SKU_037,1053
ORD_00161,22,Morning,SKU_029,153
ORD_00161,22,Morning,SKU_462,973
ORD_00161,22,Morning,SKU_089,1053
ORD_00161,22,Morning,SKU_189,422
ORD_00161,22,Morning,SKU_313,571
ORD_00162,23,Morning,SKU_308,1050
ORD_00162,23,Morning,SKU_352,95
ORD_00162,23,Morning,SKU_324,719
ORD_00162,23,Morning,SKU_017,251
ORD_00162,23,Morning,SKU_046,619
ORD_00162,23,Morning,SKU_168,128
ORD_00163,20,Afternoon,SKU_358,1037
ORD_00163,20,Afternoon,SKU_120,880
ORD_00163,20,Afternoon,SKU_286,395
ORD_00163,20,Afternoon,SKU_312,866
ORD_00164,5,Afternoon,SKU_047,252
ORD_00164,5,Afternoon,SKU_442,73
ORD_00164,5,Afternoon,SKU_327,379
ORD_00164,5,Afternoon,SKU_006,771
ORD_00164,5,Afternoon,SKU_052,332
ORD_00165,21,Afternoon,SKU_236,594
ORD_00165,21,Afternoon,SKU_121,267
ORD_00165,21,Afternoon,SKU_480,706
ORD_00165,21,Afternoon,SKU_079,880
ORD_00165,21,Afternoon,SKU_094,428
ORD_00166,6,Afternoon,SKU_337,796
ORD_00166,6,Afternoon,SKU_316,210
ORD_00166,6,Afternoon,SKU_082,925
ORD_00166,6,Afternoon,SKU_008,476
ORD_00166,6,Afternoon,SKU_415,352
ORD_00166,6,Afternoon,SKU_490,105
ORD_00167,12,Afternoon,SKU_079,553
ORD_00168,27,Afternoon,SKU_067,783
ORD_00169,20,Afternoon,SKU_255,167
ORD_00169,20,Afternoon,SKU_495,414
ORD_00169,20,Afternoon,SKU_066,492
ORD_00169,20,Afternoon,SKU_352,114
ORD_00169,20,Afternoon,SKU_041,592
ORD_00169,20,Afternoon,SKU_205,88
ORD_00169,20,Afternoon,SKU_341,173
ORD_00170,1,Morning,SKU_069,174
ORD_00170,1,Morning,SKU_122,414
ORD_00170,1,Morning,SKU_156,411
ORD_00170,1,Morning,SKU_219,538
ORD_00170,1,Morning,SKU_475,135
ORD_00170,1,Morning,SKU_481,507
ORD_00171,5,Afternoon,SKU_227,1290
ORD_00171,5,Afternoon,SKU_308,953
ORD_00171,5,Afternoon,SKU_280,491
ORD_00171,5,Afternoon,SKU_174,445
ORD_00172,16,Morning,SKU_268,261
ORD_00172,16,Morning,SKU_111,580
ORD_00172,16,Morning,SKU_448,472
ORD_00172,16,Morning,SKU_318,851
ORD_00172,16,Morning,SKU_068,694
ORD_00173,16,Afternoon,SKU_400,717
ORD_00173,16,Afternoon,SKU_260,1022
ORD_00173,16,Afternoon,SKU_386,525
ORD_00173,16,Afternoon,SKU_084,393
ORD_00174,4,Morning,SKU_040,638
ORD_00174,4,Morning,SKU_247,493
ORD_00174,4,Morning,SKU_046,225
ORD_00174,4,Morning,SKU_184,364
ORD_00174,4,Morning,SKU_186,216
ORD_00174,4,Morning,SKU_309,356
ORD_00175,18,Afternoon,SKU_327,483
ORD_00175,18,Afternoon,SKU_140,685
ORD_00175,18,Afternoon,SKU_497,545
ORD_00175,18,Afternoon,SKU_322,181
ORD_00175,18,Afternoon,SKU_217,1056
ORD_00176,9,Morning,SKU_159,617
ORD_00176,9,Morning,SKU_070,172
ORD_00177,8,Morning,SKU_192,253
ORD_00177,8,Morning,SKU_335,214
ORD_00177,8,Morning,SKU_376,233
ORD_00178,3,Afternoon,SKU_089,635
ORD_00178,3,Afternoon,SKU_108,87
ORD_00178,3,Afternoon,SKU_120,1211
ORD_00178,3,Afternoon,SKU_155,942
ORD_00178,3,Afternoon,SKU_024,784
ORD_00178,3,Afternoon,SKU_441,19
ORD_00179,16,Afternoon,SKU_187,746
ORD_00179,16,Afternoon,SKU_205,275
ORD_00180,27,Afternoon,SKU_262,105
ORD_00180,27,Afternoon,SKU_442,496
ORD_00180,27,Afternoon,SKU_083,342
ORD_00180,27,Afternoon,SKU_286,638
ORD_00180,27,Afternoon,SKU_480,341
ORD_00181,19,Afternoon,SKU_381,688
ORD_00181,19,Afternoon,SKU_425,356
ORD_00181,19,Afternoon,SKU_027,249
ORD_00181,19,Afternoon,SKU_052,151
ORD_00181,19,Afternoon,SKU_447,1141
ORD_00182,29,Afternoon,SKU_052,526
ORD_00182,29,Afternoon,SKU_483,119
ORD_00182,29,Afternoon,SKU_024,1039
ORD_00182,29,Afternoon,SKU_227,230
ORD_00183,4,Morning,SKU_445,700
ORD_00183,4,Morning,SKU_477,344
ORD_00183,4,Morning,SKU_274,200
ORD_00183,4,Morning,SKU_040,681
ORD_00183,4,Morning,SKU_136,984
ORD_00184,3,Morning,SKU_203,206
ORD_00184,3,Morning,SKU_017,92
ORD_00184,3,Morning,SKU_342,429
ORD_00184,3,Morning,SKU_078,263
ORD_00184,3,Morning,SKU_007,818
ORD_00184,3,Morning,SKU_155,685
ORD_00185,19,Afternoon,SKU_161,445
ORD_00185,19,Afternoon,SKU_446,550
ORD_00185,19,Afternoon,SKU_381,684
ORD_00185,19,Afternoon,SKU_125,354
ORD_00186,18,Morning,SKU_028,1260
ORD_00186,18,Morning,SKU_327,534
ORD_00186,18,Morning,SKU_248,745
ORD_00186,18,Morning,SKU_484,637
ORD_00187,14,Afternoon,SKU_331,296
ORD_00187,14,Afternoon,SKU_388,239
ORD_00187,14,Afternoon,SKU_470,521
ORD_00187,14,Afternoon,SKU_080,858
ORD_00187,14,Afternoon,SKU_460,266
ORD_00187,14,Afternoon,SKU_162,873
ORD_00188,2,Morning,SKU_360,518
ORD_00188,2,Morning,SKU_433,910
ORD_00188,2,Morning,SKU_290,1100
ORD_00188,2,Morning,SKU_186,254
ORD_00189,22,Morning,SKU_205,522
ORD_00189,22,Morning,SKU_487,254
ORD_00190,9,Afternoon,SKU_055,253
ORD_00190,9,Afternoon,SKU_012,138
ORD_00190,9,Afternoon,SKU_107,615
ORD_00190,9,Afternoon,SKU_376,500
ORD_00190,9,Afternoon,SKU_104,363
ORD_00191,5,Afternoon,SKU_128,1000
ORD_00191,5,Afternoon,SKU_423,77
ORD_00191,5,Afternoon,SKU_028,567
ORD_00191,5,Afternoon,SKU_079,153
ORD_00191,5,Afternoon,SKU_153,311
ORD_00191,5,Afternoon,SKU_080,882
ORD_00192,16,Afternoon,SKU_450,538
ORD_00192,16,Afternoon,SKU_367,367
ORD_00192,16,Afternoon,SKU_347,551
ORD_00192,16,Afternoon,SKU_425,544
ORD_00192,16,Afternoon,SKU_302,380
ORD_00193,21,Afternoon,SKU_462,296
ORD_00193,21,Afternoon,SKU_308,1011
ORD_00193,21,Afternoon,SKU_027,483
ORD_00193,21,Afternoon,SKU_147,588
ORD_00193,21,Afternoon,SKU_118,304
ORD_00194,26,Afternoon,SKU_120,680
ORD_00194,26,Afternoon,SKU_457,344
ORD_00194,26,Afternoon,SKU_376,435
ORD_00194,26,Afternoon,SKU_415,496
ORD_00194,26,Afternoon,SKU_169,611
ORD_00195,2,Afternoon,SKU_227,553
ORD_00195,2,Afternoon,SKU_272,542
ORD_00195,2,Afternoon,SKU_016,342
ORD_00195,2,Afternoon,SKU_223,778
ORD_00195,2,Afternoon,SKU_120,970
ORD_00196,1,Morning,SKU_326,164
ORD_00196,1,Morning,SKU_335,230
ORD_00196,1,Morning,SKU_318,235
ORD_00196,1,Morning,SKU_437,300
ORD_00196,1,Morning,SKU_480,681
ORD_00196,1,Morning,SKU_286,318
ORD_00196,1,Morning,SKU_189,395
ORD_00197,30,Morning,SKU_462,947
ORD_00197,30,Morning,SKU_372,235
ORD_00197,30,Morning,SKU_487,646
ORD_00197,30,Morning,SKU_492,255
ORD_00197,30,Morning,SKU_441,313
ORD_00198,27,Morning,SKU_489,226
ORD_00198,27,Morning,SKU_470,362
ORD_00198,27,Morning,SKU_386,154
ORD_00199,14,Afternoon,SKU_176,613
ORD_00199,14,Afternoon,SKU_316,482
ORD_00199,14,Afternoon,SKU_282,510
ORD_00199,14,Afternoon,SKU_493,512
ORD_00199,14,Afternoon,SKU_308,1265
ORD_00200,13,Afternoon,SKU_327,659
ORD_00200,13,Afternoon,SKU_212,588
ORD_00200,13,Afternoon,SKU_329,259
ORD_00200,13,Afternoon,SKU_304,320
ORD_00200,13,Afternoon,SKU_326,295
ORD_00200,13,Afternoon,SKU_192,48
ORD_00201,26,Morning,SKU_083,295
ORD_00201,26,Morning,SKU_046,370
ORD_00201,26,Morning,SKU_380,539
ORD_00201,26,Morning,SKU_487,264
ORD_00201,26,Morning,SKU_324,210
ORD_00201,26,Morning,SKU_066,396
ORD_00201,26,Morning,SKU_087,316
ORD_00202,20,Morning,SKU_205,185
ORD_00202,20,Morning,SKU_326,503
ORD_00202,20,Morning,SKU_305,347
ORD_00202,20,Morning,SKU_497,281
ORD_00202,20,Morning,SKU_348,646
ORD_00202,20,Morning,SKU_446,78
ORD_00203,25,Morning,SKU_256,170
ORD_00203,25,Morning,SKU_345,602
ORD_00203,25,Morning,SKU_320,263
ORD_00203,25,Morning,SKU_382,350
ORD_00203,25,Morning,SKU_041,143
ORD_00203,25,Morning,SKU_433,781
ORD_00204,20,Morning,SKU_467,519
ORD_00205,18,Morning,SKU_312,912
ORD_00205,18,Morning,SKU_287,505
ORD_00205,18,Morning,SKU_408,407
ORD_00205,18,Morning,SKU_270,859
ORD_00206,21,Morning,SKU_015,81
ORD_00206,21,Morning,SKU_083,889
ORD_00206,21,Morning,SKU_324,593
ORD_00206,21,Morning,SKU_376,401
ORD_00206,21,Morning,SKU_197,300
ORD_00206,21,Morning,SKU_018,276
ORD_00207,28,Morning,SKU_047,849
ORD_00207,28,Morning,SKU_185,1113
ORD_00207,28,Morning,SKU_270,406
ORD_00207,28,Morning,SKU_235,678
ORD_00208,29,Morning,SKU_351,802
ORD_00208,29,Morning,SKU_383,633
ORD_00208,29,Morning,SKU_288,834
ORD_00208,29,Morning,SKU_052,890
ORD_00209,19,Afternoon,SKU_353,766
ORD_00210,14,Afternoon,SKU_250,335
ORD_00210,14,Afternoon,SKU_304,363
ORD_00210,14,Afternoon,SKU_396,212
ORD_00210,14,Afternoon,SKU_445,192
ORD_00210,14,Afternoon,SKU_302,625
ORD_00210,14,Afternoon,SKU_027,380
ORD_00210,14,Afternoon,SKU_099,371
ORD_00211,30,Morning,SKU_287,488
ORD_00211,30,Morning,SKU_251,397
ORD_00211,30,Morning,SKU_280,475
ORD_00211,30,Morning,SKU_256,319
ORD_00211,30,Morning,SKU_293,288
ORD_00211,30,Morning,SKU_236,657
ORD_00212,25,Afternoon,SKU_028,1391
ORD_00213,16,Afternoon,SKU_103,437
ORD_00213,16,Afternoon,SKU_405,702
ORD_00214,20,Morning,SKU_131,151
ORD_00214,20,Morning,SKU_046,674
ORD_00214,20,Morning,SKU_488,598
ORD_00214,20,Morning,SKU_352,256
ORD_00214,20,Morning,SKU_360,264
ORD_00214,20,Morning,SKU_408,233
ORD_00215,3,Morning,SKU_384,521
ORD_00215,3,Morning,SKU_316,941
ORD_00215,3,Morning,SKU_326,479
ORD_00215,3,Morning,SKU_058,388
ORD_00216,22,Afternoon,SKU_070,212
ORD_00216,22,Afternoon,SKU_100,147
ORD_00216,22,Afternoon,SKU_433,664
ORD_00216,22,Afternoon,SKU_151,306
ORD_00216,22,Afternoon,SKU_063,532
ORD_00216,22,Afternoon,SKU_050,350
ORD_00216,22,Afternoon,SKU_327,305
ORD_00217,17,Afternoon,SKU_270,609
ORD_00217,17,Afternoon,SKU_404,226
ORD_00217,17,Afternoon,SKU_158,907
ORD_00217,17,Afternoon,SKU_100,362
ORD_00217,17,Afternoon,SKU_064,414
ORD_00218,26,Afternoon,SKU_115,316
ORD_00219,21,Afternoon,SKU_090,600
ORD_00219,21,Afternoon,SKU_478,565
ORD_00219,21,Afternoon,SKU_347,474
ORD_00219,21,Afternoon,SKU_262,519
ORD_00219,21,Afternoon,SKU_184,31
ORD_00220,29,Afternoon,SKU_243,143
ORD_00220,29,Afternoon,SKU_270,184
ORD_00220,29,Afternoon,SKU_144,878
ORD_00220,29,Afternoon,SKU_403,465
ORD_00220,29,Afternoon,SKU_124,432
ORD_00220,29,Afternoon,SKU_363,324
ORD_00221,12,Morning,SKU_059,482
ORD_00221,12,Morning,SKU_463,323
ORD_00221,12,Morning,SKU_469,840
ORD_00221,12,Morning,SKU_270,854
ORD_00222,2,Morning,SKU_066,1149
ORD_00222,2,Morning,SKU_469,959
ORD_00222,2,Morning,SKU_021,168
ORD_00222,2,Morning,SKU_424,241
ORD_00223,19,Afternoon,SKU_462,569
ORD_00223,19,Afternoon,SKU_120,319
ORD_00223,19,Afternoon,SKU_331,310
ORD_00223,19,Afternoon,SKU_469,805
ORD_00223,19,Afternoon,SKU_156,374
ORD_00223,19,Afternoon,SKU_228,280
ORD_00223,19,Afternoon,SKU_376,30
ORD_00224,14,Afternoon,SKU_256,124
ORD_00224,14,Afternoon,SKU_257,566
ORD_00224,14,Afternoon,SKU_448,632
ORD_00224,14,Afternoon,SKU_091,493
ORD_00224,14,Afternoon,SKU_400,264
ORD_00224,14,Afternoon,SKU_346,395
ORD_00225,15,Morning,SKU_329,223
ORD_00225,15,Morning,SKU_350,103
ORD_00225,15,Morning,SKU_130,482
ORD_00225,15,Morning,SKU_359,64
ORD_00225,15,Morning,SKU_400,702
ORD_00225,15,Morning,SKU_374,308
ORD_00225,15,Morning,SKU_070,135
ORD_00226,12,Morning,SKU_312,526
ORD_00226,12,Morning,SKU_176,1026
ORD_00226,12,Morning,SKU_111,1247
ORD_00226,12,Morning,SKU_174,279
ORD_00226,12,Morning,SKU_353,288
ORD_00227,17,Morning,SKU_457,433
ORD_00227,17,Morning,SKU_027,455
ORD_00227,17,Morning,SKU_119,432
ORD_00227,17,Morning,SKU_460,426
ORD_00228,20,Afternoon,SKU_111,438
ORD_00228,20,Afternoon,SKU_402,487
ORD_00228,20,Afternoon,SKU_481,1233
ORD_00228,20,Afternoon,SKU_004,379
ORD_00228,20,Afternoon,SKU_120,805
ORD_00229,11,Afternoon,SKU_191,345
ORD_00229,11,Afternoon,SKU_251,133
ORD_00229,11,Afternoon,SKU_347,204
ORD_00229,11,Afternoon,SKU_186,424
ORD_00229,11,Afternoon,SKU_454,507
ORD_00229,11,Afternoon,SKU_122,424
ORD_00230,16,Morning,SKU_497,384
ORD_00230,16,Morning,SKU_317,335
ORD_00230,16,Morning,SKU_004,512
ORD_00230,16,Morning,SKU_010,479
ORD_00230,16,Morning,SKU_448,198
ORD_00230,16,Morning,SKU_484,115
ORD_00230,16,Morning,SKU_342,98
ORD_00231,20,Morning,SKU_491,79
ORD_00231,20,Morning,SKU_484,592
ORD_00231,20,Morning,SKU_088,616
ORD_00231,20,Morning,SKU_085,436
ORD_00231,20,Morning,SKU_186,331
ORD_00232,25,Morning,SKU_401,476
ORD_00233,7,Afternoon,SKU_488,483
ORD_00233,7,Afternoon,SKU_274,114
ORD_00233,7,Afternoon,SKU_162,831
ORD_00233,7,Afternoon,SKU_495,425
ORD_00233,7,Afternoon,SKU_324,691
ORD_00234,6,Morning,SKU_428,211
ORD_00234,6,Morning,SKU_279,1083
ORD_00235,2,Morning,SKU_014,520
ORD_00235,2,Morning,SKU_094,1021
ORD_00235,2,Morning,SKU_446,112
ORD_00235,2,Morning,SKU_245,284
ORD_00235,2,Morning,SKU_376,396
ORD_00236,7,Afternoon,SKU_256,408
ORD_00236,7,Afternoon,SKU_217,219
ORD_00236,7,Afternoon,SKU_278,542
ORD_00236,7,Afternoon,SKU_358,1056
ORD_00237,5,Afternoon,SKU_497,101
ORD_00237,5,Afternoon,SKU_359,179
ORD_00237,5,Afternoon,SKU_070,400
ORD_00237,5,Afternoon,SKU_333,557
ORD_00237,5,Afternoon,SKU_125,153
ORD_00237,5,Afternoon,SKU_159,910
ORD_00238,3,Morning,SKU_414,213
ORD_00238,3,Morning,SKU_286,845
ORD_00238,3,Morning,SKU_375,248
ORD_00238,3,Morning,SKU_288,763
ORD_00238,3,Morning,SKU_205,456
ORD_00239,5,Afternoon,SKU_001,696
ORD_00239,5,Afternoon,SKU_463,471
ORD_00239,5,Afternoon,SKU_052,702
ORD_00240,26,Morning,SKU_104,330
ORD_00240,26,Morning,SKU_316,603
ORD_00240,26,Morning,SKU_124,1197
ORD_00241,6,Morning,SKU_373,405
ORD_00241,6,Morning,SKU_122,505
ORD_00241,6,Morning,SKU_342,377
ORD_00242,8,Afternoon,SKU_089,1386
ORD_00242,8,Afternoon,SKU_433,562
ORD_00242,8,Afternoon,SKU_183,639
ORD_00242,8,Afternoon,SKU_040,531
ORD_00243,9,Afternoon,SKU_082,426
ORD_00243,9,Afternoon,SKU_107,309
ORD_00243,9,Afternoon,SKU_369,156
ORD_00244,3,Afternoon,SKU_256,87
ORD_00244,3,Afternoon,SKU_260,244
ORD_00244,3,Afternoon,SKU_459,624
ORD_00244,3,Afternoon,SKU_495,522
ORD_00244,3,Afternoon,SKU_010,493
ORD_00244,3,Afternoon,SKU_441,460
ORD_00245,14,Morning,SKU_111,1304
ORD_00245,14,Morning,SKU_223,215
ORD_00245,14,Morning,SKU_446,86
ORD_00245,14,Morning,SKU_488,760
ORD_00245,14,Morning,SKU_497,187
ORD_00245,14,Morning,SKU_064,68
ORD_00245,14,Morning,SKU_376,266
ORD_00246,12,Afternoon,SKU_270,883
ORD_00246,12,Afternoon,SKU_192,515
ORD_00246,12,Afternoon,SKU_062,330
ORD_00246,12,Afternoon,SKU_174,301
ORD_00246,12,Afternoon,SKU_395,392
ORD_00247,8,Morning,SKU_028,771
ORD_00247,8,Morning,SKU_226,226
ORD_00247,8,Morning,SKU_475,534
ORD_00247,8,Morning,SKU_360,217
ORD_00247,8,Morning,SKU_252,833
ORD_00248,28,Afternoon,SKU_255,803
ORD_00248,28,Afternoon,SKU_341,134
ORD_00248,28,Afternoon,SKU_342,194
ORD_00249,28,Afternoon,SKU_341,566
ORD_00249,28,Afternoon,SKU_428,269
ORD_00249,28,Afternoon,SKU_449,185
ORD_00249,28,Afternoon,SKU_084,335
ORD_00249,28,Afternoon,SKU_038,773
ORD_00250,3,Afternoon,SKU_303,477
ORD_00250,3,Afternoon,SKU_476,494
ORD_00250,3,Afternoon,SKU_189,654
ORD_00251,11,Afternoon,SKU_360,586
ORD_00251,11,Afternoon,SKU_014,302
ORD_00251,11,Afternoon,SKU_255,726
ORD_00251,11,Afternoon,SKU_141,700
ORD_00251,11,Afternoon,SKU_322,204
ORD_00251,11,Afternoon,SKU_213,274
ORD_00252,21,Morning,SKU_490,594
ORD_00252,21,Morning,SKU_205,453
ORD_00252,21,Morning,SKU_466,721
ORD_00252,21,Morning,SKU_122,940
ORD_00253,24,Afternoon,SKU_378,182
ORD_00253,24,Afternoon,SKU_341,325
ORD_00253,24,Afternoon,SKU_282,588
ORD_00253,24,Afternoon,SKU_403,170
ORD_00253,24,Afternoon,SKU_404,730
ORD_00253,24,Afternoon,SKU_381,943
ORD_00254,30,Morning,SKU_432,378
ORD_00254,30,Morning,SKU_274,224
ORD_00254,30,Morning,SKU_052,540
ORD_00254,30,Morning,SKU_223,354
ORD_00254,30,Morning,SKU_426,124
ORD_00254,30,Morning,SKU_375,669
ORD_00255,6,Afternoon,SKU_251,490
ORD_00255,6,Afternoon,SKU_342,109
ORD_00255,6,Afternoon,SKU_284,301
ORD_00256,26,Morning,SKU_240,406
ORD_00256,26,Morning,SKU_372,350
ORD_00256,26,Morning,SKU_374,489
ORD_00256,26,Morning,SKU_286,813
ORD_00257,2,Afternoon,SKU_404,337
ORD_00257,2,Afternoon,SKU_255,867
ORD_00257,2,Afternoon,SKU_186,299
ORD_00258,28,Morning,SKU_466,131
ORD_00258,28,Morning,SKU_393,910
ORD_00258,28,Morning,SKU_070,571
ORD_00258,28,Morning,SKU_211,250
ORD_00258,28,Morning,SKU_174,586
ORD_00259,25,Afternoon,SKU_186,213
ORD_00259,25,Afternoon,SKU_038,173
ORD_00259,25,Afternoon,SKU_302,229
ORD_00259,25,Afternoon,SKU_120,1172
ORD_00259,25,Afternoon,SKU_104,543
ORD_00259,25,Afternoon,SKU_047,133
ORD_00260,1,Morning,SKU_425,386
ORD_00260,1,Morning,SKU_372,314
ORD_00261,3,Afternoon,SKU_010,159
ORD_00261,3,Afternoon,SKU_388,502
ORD_00261,3,Afternoon,SKU_433,957
ORD_00261,3,Afternoon,SKU_187,311
ORD_00261,3,Afternoon,SKU_305,548
ORD_00261,3,Afternoon,SKU_123,218
ORD_00262,30,Afternoon,SKU_048,532
ORD_00262,30,Afternoon,SKU_080,181
ORD_00262,30,Afternoon,SKU_029,175
ORD_00262,30,Afternoon,SKU_462,386
ORD_00262,30,Afternoon,SKU_181,707
ORD_00263,24,Morning,SKU_251,251
ORD_00263,24,Morning,SKU_111,800
ORD_00263,24,Morning,SKU_323,180
ORD_00263,24,Morning,SKU_120,552
ORD_00263,24,Morning,SKU_405,230
ORD_00263,24,Morning,SKU_360,526
ORD_00263,24,Morning,SKU_129,50
ORD_00264,21,Afternoon,SKU_463,243
ORD_00264,21,Afternoon,SKU_115,263
ORD_00264,21,Afternoon,SKU_480,498
ORD_00264,21,Afternoon,SKU_489,880
ORD_00264,21,Afternoon,SKU_388,575
ORD_00265,21,Afternoon,SKU_258,531
ORD_00265,21,Afternoon,SKU_256,321
ORD_00265,21,Afternoon,SKU_290,694
ORD_00265,21,Afternoon,SKU_441,158
ORD_00265,21,Afternoon,SKU_497,687
ORD_00265,21,Afternoon,SKU_470,63
ORD_00266,21,Morning,SKU_207,118
ORD_00266,21,Morning,SKU_422,404
ORD_00266,21,Morning,SKU_189,488
ORD_00266,21,Morning,SKU_286,871
ORD_00266,21,Morning,SKU_027,289
ORD_00267,27,Afternoon,SKU_327,183
ORD_00267,27,Afternoon,SKU_080,487
ORD_00267,27,Afternoon,SKU_244,471
ORD_00267,27,Afternoon,SKU_495,453
ORD_00267,27,Afternoon,SKU_500,1363
ORD_00267,27,Afternoon,SKU_089,1057
ORD_00268,20,Morning,SKU_290,917
ORD_00268,20,Morning,SKU_263,739
ORD_00268,20,Morning,SKU_401,331
ORD_00268,20,Morning,SKU_335,427
ORD_00269,7,Morning,SKU_376,103
ORD_00269,7,Morning,SKU_201,352
ORD_00269,7,Morning,SKU_447,1048
ORD_00270,1,Morning,SKU_316,568
ORD_00270,1,Morning,SKU_066,845
ORD_00270,1,Morning,SKU_305,392
ORD_00270,1,Morning,SKU_258,95
ORD_00270,1,Morning,SKU_015,576
ORD_00270,1,Morning,SKU_205,105
ORD_00270,1,Morning,SKU_352,169
ORD_00271,3,Morning,SKU_205,182
ORD_00271,3,Morning,SKU_327,643
ORD_00271,3,Morning,SKU_176,517
ORD_00271,3,Morning,SKU_040,339
ORD_00271,3,Morning,SKU_358,1108
ORD_00271,3,Morning,SKU_248,72
ORD_00272,19,Morning,SKU_326,114
ORD_00272,19,Morning,SKU_390,530
ORD_00272,19,Morning,SKU_497,217
ORD_00272,19,Morning,SKU_441,602
ORD_00272,19,Morning,SKU_174,327
ORD_00272,19,Morning,SKU_255,226
ORD_00273,9,Afternoon,SKU_001,334
ORD_00273,9,Afternoon,SKU_130,716
ORD_00273,9,Afternoon,SKU_090,217
ORD_00273,9,Afternoon,SKU_418,689
ORD_00273,9,Afternoon,SKU_372,391
ORD_00274,22,Morning,SKU_217,595
ORD_00274,22,Morning,SKU_305,698
ORD_00274,22,Morning,SKU_027,261
ORD_00274,22,Morning,SKU_169,579
ORD_00274,22,Morning,SKU_229,443
ORD_00274,22,Morning,SKU_250,317
ORD_00274,22,Morning,SKU_339,129
ORD_00275,27,Morning,SKU_451,270
ORD_00275,27,Morning,SKU_058,213
ORD_00275,27,Morning,SKU_120,926
ORD_00275,27,Morning,SKU_008,359
ORD_00275,27,Morning,SKU_087,853
ORD_00276,4,Afternoon,SKU_244,320
ORD_00276,4,Afternoon,SKU_346,495
ORD_00276,4,Afternoon,SKU_354,210
ORD_00277,29,Morning,SKU_335,61
ORD_00277,29,Morning,SKU_383,500
ORD_00277,29,Morning,SKU_478,351
ORD_00277,29,Morning,SKU_087,1193
ORD_00277,29,Morning,SKU_312,566
ORD_00277,29,Morning,SKU_351,294
ORD_00278,26,Afternoon,SKU_294,1198
ORD_00278,26,Afternoon,SKU_068,147
ORD_00278,26,Afternoon,SKU_204,309
ORD_00278,26,Afternoon,SKU_452,206
ORD_00278,26,Afternoon,SKU_168,134
ORD_00278,26,Afternoon,SKU_263,146
ORD_00278,26,Afternoon,SKU_469,874
ORD_00279,18,Morning,SKU_187,406
ORD_00280,7,Morning,SKU_335,419
ORD_00280,7,Morning,SKU_466,179
ORD_00280,7,Morning,SKU_037,485
ORD_00280,7,Morning,SKU_100,56
ORD_00280,7,Morning,SKU_046,530
ORD_00281,22,Morning,SKU_373,702
ORD_00281,22,Morning,SKU_097,137
ORD_00281,22,Morning,SKU_463,321
ORD_00281,22,Morning,SKU_176,619
ORD_00282,30,Afternoon,SKU_364,98
ORD_00282,30,Afternoon,SKU_331,113
ORD_00282,30,Afternoon,SKU_010,321
ORD_00282,30,Afternoon,SKU_484,683
ORD_00282,30,Afternoon,SKU_287,598
ORD_00283,30,Morning,SKU_477,207
ORD_00283,30,Morning,SKU_259,620
ORD_00283,30,Morning,SKU_487,658
ORD_00283,30,Morning,SKU_460,605
ORD_00283,30,Morning,SKU_082,230
ORD_00284,30,Afternoon,SKU_484,857
ORD_00284,30,Afternoon,SKU_080,137
ORD_00284,30,Afternoon,SKU_178,434
ORD_00284,30,Afternoon,SKU_258,637
ORD_00284,30,Afternoon,SKU_396,159
ORD_00285,19,Morning,SKU_352,847
ORD_00285,19,Morning,SKU_418,578
ORD_00285,19,Morning,SKU_297,111
ORD_00285,19,Morning,SKU_028,387
ORD_00285,19,Morning,SKU_433,127
ORD_00285,19,Morning,SKU_409,455
ORD_00285,19,Morning,SKU_481,93
ORD_00286,29,Afternoon,SKU_341,459
ORD_00286,29,Afternoon,SKU_490,983
ORD_00286,29,Afternoon,SKU_021,458
ORD_00286,29,Afternoon,SKU_115,420
ORD_00287,30,Morning,SKU_170,614
ORD_00287,30,Morning,SKU_497,242
ORD_00287,30,Morning,SKU_235,917
ORD_00287,30,Morning,SKU_111,1325
ORD_00288,6,Afternoon,SKU_248,287
ORD_00288,6,Afternoon,SKU_384,719
ORD_00288,6,Afternoon,SKU_134,1198
ORD_00288,6,Afternoon,SKU_167,129
ORD_00289,7,Morning,SKU_001,539
ORD_00289,7,Morning,SKU_096,399
ORD_00289,7,Morning,SKU_419,852
ORD_00290,24,Morning,SKU_447,248
ORD_00290,24,Morning,SKU_445,637
ORD_00290,24,Morning,SKU_042,152
ORD_00290,24,Morning,SKU_201,356
ORD_00290,24,Morning,SKU_377,564
ORD_00290,24,Morning,SKU_055,355
ORD_00291,5,Afternoon,SKU_186,361
ORD_00291,5,Afternoon,SKU_380,233
ORD_00291,5,Afternoon,SKU_331,541
ORD_00291,5,Afternoon,SKU_259,266
ORD_00291,5,Afternoon,SKU_080,322
ORD_00291,5,Afternoon,SKU_001,359
ORD_00292,11,Morning,SKU_353,193
ORD_00292,11,Morning,SKU_487,530
ORD_00292,11,Morning,SKU_447,983
ORD_00292,11,Morning,SKU_144,347
ORD_00292,11,Morning,SKU_484,210
ORD_00292,11,Morning,SKU_037,779
ORD_00293,6,Afternoon,SKU_156,604
ORD_00293,6,Afternoon,SKU_496,572
ORD_00293,6,Afternoon,SKU_087,734
ORD_00293,6,Afternoon,SKU_403,231
ORD_00294,28,Afternoon,SKU_212,873
ORD_00295,5,Morning,SKU_038,294
ORD_00295,5,Morning,SKU_441,138
ORD_00296,21,Afternoon,SKU_141,1391
ORD_00296,21,Afternoon,SKU_090,447
ORD_00297,19,Morning,SKU_258,471
ORD_00298,5,Morning,SKU_120,794
ORD_00298,5,Morning,SKU_093,507
ORD_00298,5,Morning,SKU_258,179
ORD_00298,5,Morning,SKU_189,933
ORD_00298,5,Morning,SKU_430,142
ORD_00298,5,Morning,SKU_476,161
ORD_00299,7,Afternoon,SKU_122,1364
ORD_00299,7,Afternoon,SKU_271,211
ORD_00299,7,Afternoon,SKU_327,408
ORD_00299,7,Afternoon,SKU_476,986
ORD_00299,7,Afternoon,SKU_098,69
ORD_00299,7,Afternoon,SKU_152,800
ORD_00300,18,Morning,SKU_324,208
ORD_00300,18,Morning,SKU_262,488
ORD_00300,18,Morning,SKU_168,566
ORD_00300,18,Morning,SKU_358,325
ORD_00300,18,Morning,SKU_460,341
ORD_00300,18,Morning,SKU_186,329
ORD_00301,24,Afternoon,SKU_480,314
ORD_00301,24,Afternoon,SKU_187,310
ORD_00301,24,Afternoon,SKU_223,187
ORD_00301,24,Afternoon,SKU_130,325
ORD_00301,24,Afternoon,SKU_460,540
ORD_00302,29,Afternoon,SKU_305,255
ORD_00302,29,Afternoon,SKU_019,265
ORD_00302,29,Afternoon,SKU_297,357
ORD_00302,29,Afternoon,SKU_353,983
ORD_00302,29,Afternoon,SKU_122,219
ORD_00302,29,Afternoon,SKU_213,351
ORD_00303,12,Afternoon,SKU_433,369
ORD_00303,12,Afternoon,SKU_276,180
ORD_00304,4,Morning,SKU_167,280
ORD_00304,4,Morning,SKU_017,607
ORD_00304,4,Morning,SKU_449,600
ORD_00304,4,Morning,SKU_369,341
ORD_00304,4,Morning,SKU_423,63
ORD_00305,23,Morning,SKU_481,1476
ORD_00305,23,Morning,SKU_041,970
ORD_00305,23,Morning,SKU_313,335
ORD_00305,23,Morning,SKU_414,208
ORD_00305,23,Morning,SKU_379,137
ORD_00305,23,Morning,SKU_114,360
ORD_00306,22,Morning,SKU_192,424
ORD_00306,22,Morning,SKU_347,229
ORD_00306,22,Morning,SKU_357,453
ORD_00306,22,Morning,SKU_256,258
ORD_00306,22,Morning,SKU_371,457
ORD_00306,22,Morning,SKU_105,465
ORD_00307,6,Afternoon,SKU_364,136
ORD_00307,6,Afternoon,SKU_144,455
ORD_00307,6,Afternoon,SKU_462,231
ORD_00307,6,Afternoon,SKU_376,158
ORD_00307,6,Afternoon,SKU_415,389
ORD_00308,3,Afternoon,SKU_038,472
ORD_00308,3,Afternoon,SKU_379,581
ORD_00308,3,Afternoon,SKU_250,592
ORD_00308,3,Afternoon,SKU_305,673
ORD_00308,3,Afternoon,SKU_157,551
ORD_00308,3,Afternoon,SKU_036,221
ORD_00309,29,Morning,SKU_037,357
ORD_00309,29,Morning,SKU_378,607
ORD_00309,29,Morning,SKU_373,804
ORD_00309,29,Morning,SKU_433,906
ORD_00309,29,Morning,SKU_028,675
ORD_00310,10,Afternoon,SKU_405,782
ORD_00310,10,Afternoon,SKU_244,966
ORD_00310,10,Afternoon,SKU_205,346
ORD_00310,10,Afternoon,SKU_425,273
ORD_00310,10,Afternoon,SKU_305,508
ORD_00311,15,Afternoon,SKU_377,111
ORD_00311,15,Afternoon,SKU_375,318
ORD_00311,15,Afternoon,SKU_283,163
ORD_00311,15,Afternoon,SKU_326,494
ORD_00312,17,Morning,SKU_115,281
ORD_00312,17,Morning,SKU_015,275
ORD_00312,17,Morning,SKU_027,318
ORD_00312,17,Morning,SKU_484,224
ORD_00312,17,Morning,SKU_024,226
ORD_00312,17,Morning,SKU_456,604
ORD_00312,17,Morning,SKU_358,922
ORD_00313,21,Afternoon,SKU_414,613
ORD_00313,21,Afternoon,SKU_329,344
ORD_00313,21,Afternoon,SKU_359,234
ORD_00313,21,Afternoon,SKU_186,389
ORD_00313,21,Afternoon,SKU_030,182
ORD_00314,1,Afternoon,SKU_454,357
ORD_00314,1,Afternoon,SKU_279,354
ORD_00314,1,Afternoon,SKU_028,441
ORD_00314,1,Afternoon,SKU_500,204
ORD_00314,1,Afternoon,SKU_469,823
ORD_00314,1,Afternoon,SKU_490,1118
ORD_00315,10,Afternoon,SKU_085,1037
ORD_00315,10,Afternoon,SKU_215,851
ORD_00315,10,Afternoon,SKU_286,781
ORD_00316,9,Morning,SKU_465,217
ORD_00316,9,Morning,SKU_376,458
ORD_00316,9,Morning,SKU_125,423
ORD_00316,9,Morning,SKU_405,465
ORD_00316,9,Morning,SKU_401,157
ORD_00317,10,Afternoon,SKU_111,1028
ORD_00317,10,Afternoon,SKU_093,442
ORD_00317,10,Afternoon,SKU_490,750
ORD_00317,10,Afternoon,SKU_250,1452
ORD_00318,11,Afternoon,SKU_235,107
ORD_00318,11,Afternoon,SKU_191,317
ORD_00318,11,Afternoon,SKU_351,965
ORD_00318,11,Afternoon,SKU_195,344
ORD_00318,11,Afternoon,SKU_176,596
ORD_00319,11,Afternoon,SKU_217,337
ORD_00319,11,Afternoon,SKU_263,204
ORD_00319,11,Afternoon,SKU_319,114
ORD_00319,11,Afternoon,SKU_153,408
ORD_00319,11,Afternoon,SKU_108,656
ORD_00319,11,Afternoon,SKU_083,818
ORD_00320,2,Morning,SKU_481,1144
ORD_00320,2,Morning,SKU_213,492
ORD_00320,2,Morning,SKU_079,92
ORD_00320,2,Morning,SKU_256,380
ORD_00320,2,Morning,SKU_278,138
ORD_00320,2,Morning,SKU_287,491
ORD_00321,15,Morning,SKU_187,175
ORD_00321,15,Morning,SKU_312,482
ORD_00321,15,Morning,SKU_091,430
ORD_00321,15,Morning,SKU_248,149
ORD_00321,15,Morning,SKU_258,443
ORD_00321,15,Morning,SKU_304,552
ORD_00321,15,Morning,SKU_441,134
ORD_00322,4,Morning,SKU_052,722
ORD_00322,4,Morning,SKU_111,1342
ORD_00322,4,Morning,SKU_338,482
ORD_00322,4,Morning,SKU_217,626
ORD_00322,4,Morning,SKU_469,362
ORD_00323,9,Morning,SKU_087,221
ORD_00323,9,Morning,SKU_237,211
ORD_00323,9,Morning,SKU_152,335
ORD_00323,9,Morning,SKU_481,812
ORD_00323,9,Morning,SKU_118,125
ORD_00323,9,Morning,SKU_082,304
ORD_00323,9,Morning,SKU_240,137
ORD_00323,9,Morning,SKU_360,476
ORD_00323,9,Morning,SKU_408,455
ORD_00324,21,Afternoon,SKU_008,595
ORD_00324,21,Afternoon,SKU_316,706
ORD_00324,21,Afternoon,SKU_262,838
ORD_00324,21,Afternoon,SKU_477,477
ORD_00325,28,Afternoon,SKU_462,1018
ORD_00325,28,Afternoon,SKU_037,496
ORD_00325,28,Afternoon,SKU_360,578
ORD_00325,28,Afternoon,SKU_403,518
ORD_00326,17,Afternoon,SKU_379,443
ORD_00326,17,Afternoon,SKU_235,307
ORD_00326,17,Afternoon,SKU_326,436
ORD_00327,24,Morning,SKU_256,93
ORD_00327,24,Morning,SKU_087,1144
ORD_00327,24,Morning,SKU_414,650
ORD_00327,24,Morning,SKU_010,573
ORD_00327,24,Morning,SKU_400,410
ORD_00328,8,Morning,SKU_147,164
ORD_00328,8,Morning,SKU_312,283
ORD_00328,8,Morning,SKU_374,240
ORD_00328,8,Morning,SKU_256,255
ORD_00328,8,Morning,SKU_192,276
ORD_00328,8,Morning,SKU_070,565
ORD_00328,8,Morning,SKU_409,240
ORD_00329,15,Morning,SKU_260,212
ORD_00329,15,Morning,SKU_028,501
ORD_00329,15,Morning,SKU_037,262
ORD_00330,24,Morning,SKU_488,539
ORD_00330,24,Morning,SKU_143,1119
ORD_00330,24,Morning,SKU_360,427
ORD_00330,24,Morning,SKU_279,636
ORD_00330,24,Morning,SKU_009,231
ORD_00331,18,Morning,SKU_358,1091
ORD_00331,18,Morning,SKU_353,429
ORD_00331,18,Morning,SKU_412,330
ORD_00331,18,Morning,SKU_129,461
ORD_00332,3,Afternoon,SKU_418,555
ORD_00332,3,Afternoon,SKU_456,284
ORD_00332,3,Afternoon,SKU_360,463
ORD_00332,3,Afternoon,SKU_374,614
ORD_00332,3,Afternoon,SKU_244,281
ORD_00332,3,Afternoon,SKU_316,450
ORD_00333,5,Morning,SKU_294,606
ORD_00333,5,Morning,SKU_405,203
ORD_00333,5,Morning,SKU_028,1078
ORD_00333,5,Morning,SKU_124,603
ORD_00333,5,Morning,SKU_476,601
ORD_00333,5,Morning,SKU_217,617
ORD_00333,5,Morning,SKU_462,206
ORD_00334,11,Morning,SKU_107,410
ORD_00334,11,Morning,SKU_381,367
ORD_00334,11,Morning,SKU_121,589
ORD_00334,11,Morning,SKU_071,318
ORD_00334,11,Morning,SKU_369,310
ORD_00334,11,Morning,SKU_463,222
ORD_00335,7,Morning,SKU_056,204
ORD_00335,7,Morning,SKU_383,843
ORD_00335,7,Morning,SKU_070,451
ORD_00335,7,Morning,SKU_327,487
ORD_00336,26,Morning,SKU_317,494
ORD_00336,26,Morning,SKU_226,241
ORD_00336,26,Morning,SKU_326,524
ORD_00336,26,Morning,SKU_331,209
ORD_00336,26,Morning,SKU_120,752
ORD_00337,7,Afternoon,SKU_028,706
ORD_00337,7,Afternoon,SKU_041,660
ORD_00337,7,Afternoon,SKU_480,495
ORD_00338,13,Afternoon,SKU_260,769
ORD_00338,13,Afternoon,SKU_144,921
ORD_00338,13,Afternoon,SKU_457,122
ORD_00338,13,Afternoon,SKU_205,537
ORD_00338,13,Afternoon,SKU_001,219
ORD_00339,7,Morning,SKU_495,180
ORD_00339,7,Morning,SKU_111,646
ORD_00339,7,Morning,SKU_476,1158
ORD_00339,7,Morning,SKU_072,388
ORD_00339,7,Morning,SKU_386,184
ORD_00339,7,Morning,SKU_110,416
ORD_00339,7,Morning,SKU_223,212
ORD_00339,7,Morning,SKU_326,173
ORD_00340,15,Afternoon,SKU_248,563
ORD_00340,15,Afternoon,SKU_313,609
ORD_00340,15,Afternoon,SKU_100,84
ORD_00340,15,Afternoon,SKU_130,601
ORD_00340,15,Afternoon,SKU_290,176
ORD_00340,15,Afternoon,SKU_353,488
ORD_00340,15,Afternoon,SKU_060,382
ORD_00341,18,Morning,SKU_375,636
ORD_00341,18,Morning,SKU_010,557
ORD_00341,18,Morning,SKU_090,209
ORD_00341,18,Morning,SKU_329,206
ORD_00341,18,Morning,SKU_459,1113
ORD_00342,24,Morning,SKU_428,354
ORD_00342,24,Morning,SKU_466,417
ORD_00342,24,Morning,SKU_316,869
ORD_00342,24,Morning,SKU_040,551
ORD_00342,24,Morning,SKU_204,221
ORD_00343,26,Afternoon,SKU_278,635
ORD_00343,26,Afternoon,SKU_353,571
ORD_00343,26,Afternoon,SKU_490,636
ORD_00343,26,Afternoon,SKU_297,271
ORD_00343,26,Afternoon,SKU_258,379
ORD_00343,26,Afternoon,SKU_335,14
ORD_00344,5,Afternoon,SKU_212,853
ORD_00344,5,Afternoon,SKU_317,255
ORD_00344,5,Afternoon,SKU_227,488
ORD_00345,16,Afternoon,SKU_288,144
ORD_00345,16,Afternoon,SKU_018,644
ORD_00346,6,Afternoon,SKU_354,457
ORD_00346,6,Afternoon,SKU_093,508
ORD_00346,6,Afternoon,SKU_420,603
ORD_00346,6,Afternoon,SKU_363,110
ORD_00346,6,Afternoon,SKU_384,502
ORD_00346,6,Afternoon,SKU_481,730
ORD_00347,14,Morning,SKU_354,632
ORD_00347,14,Morning,SKU_470,662
ORD_00347,14,Morning,SKU_497,207
ORD_00347,14,Morning,SKU_446,453
ORD_00347,14,Morning,SKU_433,266
ORD_00347,14,Morning,SKU_462,120
ORD_00348,2,Afternoon,SKU_481,221
ORD_00348,2,Afternoon,SKU_248,589
ORD_00348,2,Afternoon,SKU_421,370
ORD_00348,2,Afternoon,SKU_028,1173
ORD_00348,2,Afternoon,SKU_293,478
ORD_00348,2,Afternoon,SKU_024,223
ORD_00349,14,Afternoon,SKU_215,843
ORD_00349,14,Afternoon,SKU_272,396
ORD_00349,14,Afternoon,SKU_288,702
ORD_00349,14,Afternoon,SKU_192,159
ORD_00349,14,Afternoon,SKU_122,1235
ORD_00350,3,Morning,SKU_376,324
ORD_00350,3,Morning,SKU_404,338
ORD_00350,3,Morning,SKU_202,416
ORD_00350,3,Morning,SKU_105,791
ORD_00350,3,Morning,SKU_139,271
ORD_00351,14,Morning,SKU_449,554
ORD_00351,14,Morning,SKU_250,1340
ORD_00351,14,Morning,SKU_062,713
ORD_00351,14,Morning,SKU_341,160
ORD_00352,26,Afternoon,SKU_288,403
ORD_00352,26,Afternoon,SKU_327,503
ORD_00353,12,Afternoon,SKU_232,217
ORD_00354,14,Afternoon,SKU_448,287
ORD_00354,14,Afternoon,SKU_159,245
ORD_00354,14,Afternoon,SKU_475,542
ORD_00354,14,Afternoon,SKU_462,1069
ORD_00354,14,Afternoon,SKU_484,494
ORD_00355,29,Morning,SKU_024,1233
ORD_00355,29,Morning,SKU_374,91
ORD_00355,29,Morning,SKU_038,259
ORD_00355,29,Morning,SKU_065,351
ORD_00355,29,Morning,SKU_405,582
ORD_00355,29,Morning,SKU_104,377
ORD_00356,5,Afternoon,SKU_327,696
ORD_00356,5,Afternoon,SKU_404,301
ORD_00356,5,Afternoon,SKU_120,1109
ORD_00357,25,Afternoon,SKU_304,149
ORD_00357,25,Afternoon,SKU_021,500
ORD_00357,25,Afternoon,SKU_335,75
ORD_00357,25,Afternoon,SKU_481,1510
ORD_00357,25,Afternoon,SKU_073,314
ORD_00357,25,Afternoon,SKU_405,134
ORD_00357,25,Afternoon,SKU_087,266
ORD_00358,29,Afternoon,SKU_120,726
ORD_00358,29,Afternoon,SKU_025,92
ORD_00358,29,Afternoon,SKU_380,423
ORD_00358,29,Afternoon,SKU_350,186
ORD_00359,17,Morning,SKU_123,167
ORD_00359,17,Morning,SKU_478,227
ORD_00359,17,Morning,SKU_159,268
ORD_00359,17,Morning,SKU_270,366
ORD_00359,17,Morning,SKU_480,600
ORD_00359,17,Morning,SKU_459,823
ORD_00359,17,Morning,SKU_358,700
ORD_00360,6,Morning,SKU_279,559
ORD_00360,6,Morning,SKU_083,999
ORD_00360,6,Morning,SKU_122,330
ORD_00360,6,Morning,SKU_159,875
ORD_00360,6,Morning,SKU_488,231
ORD_00361,28,Afternoon,SKU_441,354
ORD_00361,28,Afternoon,SKU_480,193
ORD_00361,28,Afternoon,SKU_008,655
ORD_00361,28,Afternoon,SKU_378,600
ORD_00362,15,Morning,SKU_072,585
ORD_00362,15,Morning,SKU_255,1050
ORD_00362,15,Morning,SKU_466,378
ORD_00362,15,Morning,SKU_017,545
ORD_00362,15,Morning,SKU_462,318
ORD_00363,11,Morning,SKU_462,747
ORD_00363,11,Morning,SKU_329,118
ORD_00363,11,Morning,SKU_344,355
ORD_00363,11,Morning,SKU_060,384
ORD_00363,11,Morning,SKU_358,440
ORD_00363,11,Morning,SKU_243,595
ORD_00364,18,Morning,SKU_495,377
ORD_00364,18,Morning,SKU_448,531
ORD_00364,18,Morning,SKU_276,1174
ORD_00364,18,Morning,SKU_304,589
ORD_00365,25,Afternoon,SKU_115,88
ORD_00365,25,Afternoon,SKU_400,720
ORD_00365,25,Afternoon,SKU_326,486
ORD_00366,9,Morning,SKU_028,1231
ORD_00366,9,Morning,SKU_357,123
ORD_00367,28,Morning,SKU_082,244
ORD_00367,28,Morning,SKU_463,565
ORD_00367,28,Morning,SKU_433,490
ORD_00367,28,Morning,SKU_399,519
ORD_00367,28,Morning,SKU_120,1195
ORD_00368,6,Afternoon,SKU_280,885
ORD_00368,6,Afternoon,SKU_210,426
ORD_00369,7,Morning,SKU_093,591
ORD_00369,7,Morning,SKU_284,542
ORD_00370,15,Afternoon,SKU_235,645
ORD_00370,15,Afternoon,SKU_490,325
ORD_00370,15,Afternoon,SKU_046,449
ORD_00370,15,Afternoon,SKU_480,204
ORD_00370,15,Afternoon,SKU_123,448
ORD_00370,15,Afternoon,SKU_312,558
ORD_00371,21,Afternoon,SKU_495,624
ORD_00371,21,Afternoon,SKU_098,283
ORD_00371,21,Afternoon,SKU_141,593
ORD_00371,21,Afternoon,SKU_351,509
ORD_00371,21,Afternoon,SKU_088,1017
ORD_00372,23,Morning,SKU_404,459
ORD_00372,23,Morning,SKU_494,578
ORD_00372,23,Morning,SKU_205,343
ORD_00372,23,Morning,SKU_072,647
ORD_00372,23,Morning,SKU_244,447
ORD_00373,4,Morning,SKU_001,279
ORD_00373,4,Morning,SKU_186,407
ORD_00373,4,Morning,SKU_324,610
ORD_00373,4,Morning,SKU_263,122
ORD_00373,4,Morning,SKU_445,570
ORD_00374,2,Morning,SKU_304,591
ORD_00374,2,Morning,SKU_093,126
ORD_00374,2,Morning,SKU_406,307
ORD_00374,2,Morning,SKU_244,1212
ORD_00374,2,Morning,SKU_045,715
ORD_00375,1,Afternoon,SKU_046,455
ORD_00375,1,Afternoon,SKU_353,299
ORD_00375,1,Afternoon,SKU_087,453
ORD_00375,1,Afternoon,SKU_060,938
ORD_00375,1,Afternoon,SKU_111,833
ORD_00375,1,Afternoon,SKU_500,515
ORD_00376,11,Morning,SKU_162,457
ORD_00376,11,Morning,SKU_490,1009
ORD_00376,11,Morning,SKU_384,928
ORD_00376,11,Morning,SKU_234,160
ORD_00376,11,Morning,SKU_478,329
ORD_00377,26,Morning,SKU_063,825
ORD_00377,26,Morning,SKU_287,562
ORD_00378,29,Morning,SKU_487,521
ORD_00378,29,Morning,SKU_111,540
ORD_00378,29,Morning,SKU_400,181
ORD_00378,29,Morning,SKU_352,202
ORD_00378,29,Morning,SKU_495,75
ORD_00378,29,Morning,SKU_010,587
ORD_00378,29,Morning,SKU_194,777
ORD_00379,27,Afternoon,SKU_151,192
ORD_00379,27,Afternoon,SKU_014,108
ORD_00379,27,Afternoon,SKU_205,420
ORD_00379,27,Afternoon,SKU_408,505
ORD_00379,27,Afternoon,SKU_021,105
ORD_00379,27,Afternoon,SKU_133,885
ORD_00380,8,Morning,SKU_055,229
ORD_00380,8,Morning,SKU_094,151
ORD_00380,8,Morning,SKU_207,643
ORD_00381,20,Morning,SKU_159,722
ORD_00381,20,Morning,SKU_018,575
ORD_00381,20,Morning,SKU_415,294
ORD_00381,20,Morning,SKU_409,448
ORD_00381,20,Morning,SKU_388,740
ORD_00382,24,Afternoon,SKU_064,106
ORD_00382,24,Afternoon,SKU_477,121
ORD_00382,24,Afternoon,SKU_170,278
ORD_00382,24,Afternoon,SKU_059,444
ORD_00382,24,Afternoon,SKU_080,997
ORD_00382,24,Afternoon,SKU_109,585
ORD_00382,24,Afternoon,SKU_217,168
ORD_00383,19,Afternoon,SKU_418,942
ORD_00383,19,Afternoon,SKU_459,1219
ORD_00383,19,Afternoon,SKU_447,354
ORD_00383,19,Afternoon,SKU_360,454
ORD_00383,19,Afternoon,SKU_122,442
ORD_00384,14,Afternoon,SKU_213,572
ORD_00384,14,Afternoon,SKU_469,890
ORD_00384,14,Afternoon,SKU_210,292
ORD_00384,14,Afternoon,SKU_369,411
ORD_00384,14,Afternoon,SKU_082,252
ORD_00385,10,Afternoon,SKU_376,85
ORD_00385,10,Afternoon,SKU_151,635
ORD_00385,10,Afternoon,SKU_115,324
ORD_00385,10,Afternoon,SKU_284,997
ORD_00385,10,Afternoon,SKU_217,163
ORD_00386,30,Afternoon,SKU_326,483
ORD_00386,30,Afternoon,SKU_480,808
ORD_00386,30,Afternoon,SKU_384,602
ORD_00387,18,Afternoon,SKU_342,424
ORD_00388,20,Afternoon,SKU_079,856
ORD_00388,20,Afternoon,SKU_469,266
ORD_00388,20,Afternoon,SKU_275,85
ORD_00388,20,Afternoon,SKU_344,208
ORD_00388,20,Afternoon,SKU_014,583
ORD_00388,20,Afternoon,SKU_460,397
ORD_00389,17,Afternoon,SKU_256,256
ORD_00389,17,Afternoon,SKU_180,564
ORD_00390,8,Morning,SKU_379,646
ORD_00390,8,Morning,SKU_290,1323
ORD_00390,8,Morning,SKU_270,882
ORD_00390,8,Morning,SKU_169,147
ORD_00390,8,Morning,SKU_495,196
ORD_00391,2,Afternoon,SKU_262,798
ORD_00391,2,Afternoon,SKU_347,116
ORD_00391,2,Afternoon,SKU_288,230
ORD_00391,2,Afternoon,SKU_108,450
ORD_00391,2,Afternoon,SKU_323,355
ORD_00391,2,Afternoon,SKU_377,323
ORD_00392,11,Morning,SKU_255,460
ORD_00392,11,Morning,SKU_201,177
ORD_00392,11,Morning,SKU_497,580
ORD_00392,11,Morning,SKU_017,290
ORD_00392,11,Morning,SKU_105,531
ORD_00392,11,Morning,SKU_478,395
ORD_00393,12,Afternoon,SKU_069,156
ORD_00393,12,Afternoon,SKU_338,737
ORD_00393,12,Afternoon,SKU_184,102
ORD_00393,12,Afternoon,SKU_286,281
ORD_00393,12,Afternoon,SKU_422,289
ORD_00393,12,Afternoon,SKU_491,596
ORD_00393,12,Afternoon,SKU_473,112
ORD_00394,20,Morning,SKU_168,154
ORD_00394,20,Morning,SKU_223,452
ORD_00394,20,Morning,SKU_446,374
ORD_00394,20,Morning,SKU_448,732
ORD_00394,20,Morning,SKU_005,847
ORD_00395,18,Morning,SKU_021,427
ORD_00395,18,Morning,SKU_018,431
ORD_00395,18,Morning,SKU_129,54
ORD_00395,18,Morning,SKU_213,453
ORD_00395,18,Morning,SKU_497,133
ORD_00395,18,Morning,SKU_374,388
ORD_00395,18,Morning,SKU_460,102
ORD_00396,5,Afternoon,SKU_100,304
ORD_00396,5,Afternoon,SKU_477,487
ORD_00396,5,Afternoon,SKU_357,434
ORD_00397,10,Afternoon,SKU_098,397
ORD_00397,10,Afternoon,SKU_080,461
ORD_00397,10,Afternoon,SKU_320,894
ORD_00397,10,Afternoon,SKU_122,884
ORD_00397,10,Afternoon,SKU_473,115
ORD_00397,10,Afternoon,SKU_463,181
ORD_00397,10,Afternoon,SKU_418,310
ORD_00398,26,Morning,SKU_480,355
ORD_00398,26,Morning,SKU_490,454
ORD_00398,26,Morning,SKU_463,465
ORD_00398,26,Morning,SKU_286,597
ORD_00399,15,Afternoon,SKU_399,276
ORD_00399,15,Afternoon,SKU_027,352
ORD_00399,15,Afternoon,SKU_052,304
ORD_00399,15,Afternoon,SKU_388,647
ORD_00399,15,Afternoon,SKU_028,1392
ORD_00400,8,Morning,SKU_331,104
ORD_00400,8,Morning,SKU_169,797
ORD_00400,8,Morning,SKU_460,688
ORD_00400,8,Morning,SKU_446,290
ORD_00401,4,Afternoon,SKU_038,260
ORD_00401,4,Afternoon,SKU_420,699
ORD_00401,4,Afternoon,SKU_177,796
ORD_00401,4,Afternoon,SKU_041,467
ORD_00401,4,Afternoon,SKU_442,610
ORD_00402,8,Afternoon,SKU_177,1324
ORD_00402,8,Afternoon,SKU_335,242
ORD_00402,8,Afternoon,SKU_038,731
ORD_00402,8,Afternoon,SKU_108,696
ORD_00403,15,Afternoon,SKU_111,250
ORD_00403,15,Afternoon,SKU_304,704
ORD_00403,15,Afternoon,SKU_448,321
ORD_00404,21,Afternoon,SKU_425,158
ORD_00404,21,Afternoon,SKU_430,234
ORD_00404,21,Afternoon,SKU_436,872
ORD_00404,21,Afternoon,SKU_100,155
ORD_00404,21,Afternoon,SKU_105,554
ORD_00404,21,Afternoon,SKU_433,175
ORD_00404,21,Afternoon,SKU_280,815
ORD_00405,22,Afternoon,SKU_329,469
ORD_00405,22,Afternoon,SKU_017,478
ORD_00406,15,Afternoon,SKU_250,242
ORD_00406,15,Afternoon,SKU_233,548
ORD_00406,15,Afternoon,SKU_122,291
ORD_00406,15,Afternoon,SKU_167,165
ORD_00406,15,Afternoon,SKU_345,458
ORD_00406,15,Afternoon,SKU_169,592
ORD_00406,15,Afternoon,SKU_118,689
ORD_00407,29,Morning,SKU_315,235
ORD_00407,29,Morning,SKU_205,209
ORD_00407,29,Morning,SKU_284,938
ORD_00407,29,Morning,SKU_155,389
ORD_00407,29,Morning,SKU_248,844
ORD_00408,3,Morning,SKU_270,811
ORD_00408,3,Morning,SKU_375,720
ORD_00408,3,Morning,SKU_388,908
ORD_00408,3,Morning,SKU_158,289
ORD_00409,24,Afternoon,SKU_490,953
ORD_00409,24,Afternoon,SKU_353,332
ORD_00409,24,Afternoon,SKU_360,448
ORD_00409,24,Afternoon,SKU_052,575
ORD_00409,24,Afternoon,SKU_235,517
ORD_00410,8,Morning,SKU_279,873
ORD_00410,8,Morning,SKU_085,271
ORD_00410,8,Morning,SKU_087,218
ORD_00410,8,Morning,SKU_115,216
ORD_00411,15,Afternoon,SKU_319,446
ORD_00411,15,Afternoon,SKU_331,313
ORD_00412,11,Afternoon,SKU_058,264
ORD_00412,11,Afternoon,SKU_279,228
ORD_00412,11,Afternoon,SKU_129,245
ORD_00412,11,Afternoon,SKU_094,669
ORD_00412,11,Afternoon,SKU_403,213
ORD_00412,11,Afternoon,SKU_100,285
ORD_00413,28,Morning,SKU_187,545
ORD_00413,28,Morning,SKU_354,89
ORD_00413,28,Morning,SKU_384,374
ORD_00414,15,Morning,SKU_445,1014
ORD_00414,15,Morning,SKU_245,621
ORD_00415,26,Afternoon,SKU_384,640
ORD_00415,26,Afternoon,SKU_352,89
ORD_00416,26,Morning,SKU_324,108
ORD_00416,26,Morning,SKU_264,436
ORD_00416,26,Morning,SKU_191,368
ORD_00416,26,Morning,SKU_083,1018
ORD_00416,26,Morning,SKU_256,323
ORD_00417,16,Morning,SKU_460,159
ORD_00417,16,Morning,SKU_456,954
ORD_00417,16,Morning,SKU_408,498
ORD_00417,16,Morning,SKU_467,135
ORD_00417,16,Morning,SKU_055,195
ORD_00417,16,Morning,SKU_346,325
ORD_00418,7,Morning,SKU_255,219
ORD_00418,7,Morning,SKU_430,492
ORD_00418,7,Morning,SKU_122,1080
ORD_00418,7,Morning,SKU_267,446
ORD_00418,7,Morning,SKU_120,575
ORD_00418,7,Morning,SKU_223,178
ORD_00418,7,Morning,SKU_348,32
ORD_00419,20,Afternoon,SKU_019,282
ORD_00419,20,Afternoon,SKU_312,162
ORD_00419,20,Afternoon,SKU_079,710
ORD_00419,20,Afternoon,SKU_372,327
ORD_00419,20,Afternoon,SKU_415,149
ORD_00419,20,Afternoon,SKU_189,688
ORD_00420,17,Afternoon,SKU_290,165
ORD_00420,17,Afternoon,SKU_008,292
ORD_00420,17,Afternoon,SKU_354,325
ORD_00420,17,Afternoon,SKU_317,134
ORD_00420,17,Afternoon,SKU_293,636
ORD_00420,17,Afternoon,SKU_070,547
ORD_00420,17,Afternoon,SKU_490,122
ORD_00421,24,Morning,SKU_415,558
ORD_00421,24,Morning,SKU_495,82
ORD_00422,29,Afternoon,SKU_369,154
ORD_00422,29,Afternoon,SKU_294,274
ORD_00422,29,Afternoon,SKU_192,598
ORD_00422,29,Afternoon,SKU_050,1034
ORD_00422,29,Afternoon,SKU_028,524
ORD_00422,29,Afternoon,SKU_093,479
ORD_00423,1,Morning,SKU_079,257
ORD_00423,1,Morning,SKU_131,477
ORD_00423,1,Morning,SKU_176,1036
ORD_00423,1,Morning,SKU_313,724
ORD_00424,26,Morning,SKU_384,146
ORD_00424,26,Morning,SKU_360,619
ORD_00424,26,Morning,SKU_141,742
ORD_00424,26,Morning,SKU_376,498
ORD_00424,26,Morning,SKU_086,288
ORD_00424,26,Morning,SKU_018,111
ORD_00425,3,Afternoon,SKU_079,474
ORD_00425,3,Afternoon,SKU_235,470
ORD_00425,3,Afternoon,SKU_201,513
ORD_00425,3,Afternoon,SKU_018,237
ORD_00425,3,Afternoon,SKU_192,434
ORD_00425,3,Afternoon,SKU_195,111
ORD_00426,26,Afternoon,SKU_021,183
ORD_00426,26,Afternoon,SKU_255,574
ORD_00426,26,Afternoon,SKU_066,592
ORD_00426,26,Afternoon,SKU_324,435
ORD_00426,26,Afternoon,SKU_335,102
ORD_00426,26,Afternoon,SKU_323,405
ORD_00427,26,Morning,SKU_480,782
ORD_00427,26,Morning,SKU_029,431
ORD_00427,26,Morning,SKU_256,249
ORD_00427,26,Morning,SKU_452,994
ORD_00428,27,Afternoon,SKU_270,416
ORD_00428,27,Afternoon,SKU_083,495
ORD_00428,27,Afternoon,SKU_447,1152
ORD_00428,27,Afternoon,SKU_056,103
ORD_00428,27,Afternoon,SKU_115,430
ORD_00428,27,Afternoon,SKU_087,330
ORD_00429,30,Morning,SKU_187,404
ORD_00429,30,Morning,SKU_130,180
ORD_00429,30,Morning,SKU_010,613
ORD_00429,30,Morning,SKU_035,477
ORD_00429,30,Morning,SKU_446,257
ORD_00429,30,Morning,SKU_139,414
ORD_00430,29,Afternoon,SKU_478,696
ORD_00430,29,Afternoon,SKU_087,891
ORD_00430,29,Afternoon,SKU_120,201
ORD_00430,29,Afternoon,SKU_476,730
ORD_00430,29,Afternoon,SKU_313,148
ORD_00431,15,Afternoon,SKU_181,151
ORD_00431,15,Afternoon,SKU_350,157
ORD_00431,15,Afternoon,SKU_363,484
ORD_00431,15,Afternoon,SKU_120,174
ORD_00432,11,Afternoon,SKU_401,355
ORD_00432,11,Afternoon,SKU_297,511
ORD_00432,11,Afternoon,SKU_107,599
ORD_00432,11,Afternoon,SKU_487,591
ORD_00433,28,Morning,SKU_176,778
ORD_00433,28,Morning,SKU_446,112
ORD_00433,28,Morning,SKU_430,291
ORD_00433,28,Morning,SKU_090,620
ORD_00433,28,Morning,SKU_212,306
ORD_00433,28,Morning,SKU_305,479
ORD_00434,4,Afternoon,SKU_192,105
ORD_00434,4,Afternoon,SKU_475,447
ORD_00434,4,Afternoon,SKU_250,335
ORD_00434,4,Afternoon,SKU_191,75
ORD_00434,4,Afternoon,SKU_070,542
ORD_00434,4,Afternoon,SKU_234,137
ORD_00434,4,Afternoon,SKU_313,421
ORD_00434,4,Afternoon,SKU_286,80
ORD_00435,14,Afternoon,SKU_066,194
ORD_00435,14,Afternoon,SKU_351,203
ORD_00435,14,Afternoon,SKU_282,556
ORD_00435,14,Afternoon,SKU_361,1063
ORD_00435,14,Afternoon,SKU_294,328
ORD_00435,14,Afternoon,SKU_431,103
ORD_00435,14,Afternoon,SKU_333,337
ORD_00435,14,Afternoon,SKU_083,634
ORD_00436,29,Afternoon,SKU_290,1098
ORD_00437,9,Afternoon,SKU_004,679
ORD_00437,9,Afternoon,SKU_347,776
ORD_00437,9,Afternoon,SKU_433,413
ORD_00437,9,Afternoon,SKU_448,116
ORD_00437,9,Afternoon,SKU_460,312
ORD_00437,9,Afternoon,SKU_263,182
ORD_00438,10,Morning,SKU_492,463
ORD_00438,10,Morning,SKU_044,845
ORD_00438,10,Morning,SKU_046,113
ORD_00439,23,Morning,SKU_480,669
ORD_00439,23,Morning,SKU_490,573
ORD_00439,23,Morning,SKU_373,642
ORD_00439,23,Morning,SKU_351,307
ORD_00439,23,Morning,SKU_153,372
ORD_00440,2,Afternoon,SKU_283,216
ORD_00440,2,Afternoon,SKU_433,888
ORD_00440,2,Afternoon,SKU_250,1162
ORD_00440,2,Afternoon,SKU_244,1123
ORD_00440,2,Afternoon,SKU_447,470
ORD_00441,3,Afternoon,SKU_087,1033
ORD_00441,3,Afternoon,SKU_187,680
ORD_00442,5,Morning,SKU_168,878
ORD_00442,5,Morning,SKU_446,152
ORD_00443,13,Afternoon,SKU_375,682
ORD_00443,13,Afternoon,SKU_235,877
ORD_00443,13,Afternoon,SKU_400,273
ORD_00443,13,Afternoon,SKU_430,98
ORD_00443,13,Afternoon,SKU_111,486
ORD_00443,13,Afternoon,SKU_476,222
ORD_00443,13,Afternoon,SKU_028,177
ORD_00444,16,Morning,SKU_478,407
ORD_00444,16,Morning,SKU_174,183
ORD_00444,16,Morning,SKU_481,1131
ORD_00444,16,Morning,SKU_028,1297
ORD_00444,16,Morning,SKU_079,321
ORD_00444,16,Morning,SKU_469,32
ORD_00445,28,Afternoon,SKU_448,367
ORD_00445,28,Afternoon,SKU_490,1004
ORD_00445,28,Afternoon,SKU_027,124
ORD_00445,28,Afternoon,SKU_360,240
ORD_00445,28,Afternoon,SKU_168,124
ORD_00446,25,Afternoon,SKU_360,398
ORD_00446,25,Afternoon,SKU_316,312
ORD_00446,25,Afternoon,SKU_041,630
ORD_00446,25,Afternoon,SKU_469,1009
ORD_00446,25,Afternoon,SKU_305,338
ORD_00446,25,Afternoon,SKU_312,387
ORD_00447,14,Morning,SKU_209,252
ORD_00447,14,Morning,SKU_443,239
ORD_00447,14,Morning,SKU_497,753
ORD_00447,14,Morning,SKU_381,601
ORD_00447,14,Morning,SKU_359,141
ORD_00447,14,Morning,SKU_069,318
ORD_00448,15,Morning,SKU_318,255
ORD_00448,15,Morning,SKU_037,1014
ORD_00448,15,Morning,SKU_469,994
ORD_00448,15,Morning,SKU_378,650
ORD_00448,15,Morning,SKU_201,135
ORD_00449,5,Afternoon,SKU_376,138
ORD_00449,5,Afternoon,SKU_460,571
ORD_00449,5,Afternoon,SKU_326,236
ORD_00449,5,Afternoon,SKU_340,307
ORD_00449,5,Afternoon,SKU_377,126
ORD_00449,5,Afternoon,SKU_401,50
ORD_00449,5,Afternoon,SKU_111,619
ORD_00449,5,Afternoon,SKU_156,204
ORD_00450,30,Morning,SKU_070,234
ORD_00450,30,Morning,SKU_256,298
ORD_00450,30,Morning,SKU_085,583
ORD_00450,30,Morning,SKU_487,296
ORD_00450,30,Morning,SKU_010,293
ORD_00450,30,Morning,SKU_131,504
ORD_00451,10,Morning,SKU_342,163
ORD_00451,10,Morning,SKU_124,596
ORD_00451,10,Morning,SKU_108,279
ORD_00452,12,Morning,SKU_403,179
ORD_00452,12,Morning,SKU_404,357
ORD_00452,12,Morning,SKU_285,223
ORD_00452,12,Morning,SKU_331,248
ORD_00452,12,Morning,SKU_153,175
ORD_00452,12,Morning,SKU_350,319
ORD_00452,12,Morning,SKU_335,176
ORD_00452,12,Morning,SKU_150,80
ORD_00453,25,Afternoon,SKU_255,552
ORD_00453,25,Afternoon,SKU_478,557
ORD_00453,25,Afternoon,SKU_134,1264
ORD_00454,29,Afternoon,SKU_093,583
ORD_00454,29,Afternoon,SKU_497,451
ORD_00455,8,Afternoon,SKU_081,682
ORD_00455,8,Afternoon,SKU_290,1283
ORD_00455,8,Afternoon,SKU_151,519
ORD_00455,8,Afternoon,SKU_021,256
ORD_00456,5,Afternoon,SKU_477,686
ORD_00456,5,Afternoon,SKU_255,707
ORD_00456,5,Afternoon,SKU_297,271
ORD_00456,5,Afternoon,SKU_169,319
ORD_00456,5,Afternoon,SKU_115,371
ORD_00456,5,Afternoon,SKU_379,95
ORD_00457,22,Morning,SKU_354,149
ORD_00457,22,Morning,SKU_439,736
ORD_00457,22,Morning,SKU_192,433
ORD_00457,22,Morning,SKU_159,408
ORD_00457,22,Morning,SKU_388,870
ORD_00458,4,Morning,SKU_480,277
ORD_00458,4,Morning,SKU_472,124
ORD_00458,4,Morning,SKU_235,849
ORD_00458,4,Morning,SKU_261,958
ORD_00458,4,Morning,SKU_327,226
ORD_00458,4,Morning,SKU_169,829
ORD_00459,8,Morning,SKU_497,267
ORD_00459,8,Morning,SKU_169,484
ORD_00459,8,Morning,SKU_131,118
ORD_00459,8,Morning,SKU_399,614
ORD_00460,21,Morning,SKU_378,120
ORD_00460,21,Morning,SKU_081,287
ORD_00460,21,Morning,SKU_326,428
ORD_00460,21,Morning,SKU_186,376
ORD_00460,21,Morning,SKU_122,973
ORD_00461,10,Afternoon,SKU_304,226
ORD_00461,10,Afternoon,SKU_305,657
ORD_00461,10,Afternoon,SKU_129,83
ORD_00461,10,Afternoon,SKU_477,325
ORD_00461,10,Afternoon,SKU_354,136
ORD_00461,10,Afternoon,SKU_060,900
ORD_00461,10,Afternoon,SKU_312,738
ORD_00462,5,Afternoon,SKU_324,190
ORD_00462,5,Afternoon,SKU_491,388
ORD_00462,5,Afternoon,SKU_415,622
ORD_00462,5,Afternoon,SKU_111,151
ORD_00463,8,Morning,SKU_260,598
ORD_00463,8,Morning,SKU_283,229
ORD_00463,8,Morning,SKU_409,177
ORD_00463,8,Morning,SKU_319,123
ORD_00463,8,Morning,SKU_019,347
ORD_00463,8,Morning,SKU_352,707
ORD_00464,28,Morning,SKU_270,425
ORD_00464,28,Morning,SKU_372,85
ORD_00464,28,Morning,SKU_331,605
ORD_00464,28,Morning,SKU_029,712
ORD_00464,28,Morning,SKU_087,887
ORD_00465,16,Morning,SKU_393,964
ORD_00465,16,Morning,SKU_270,837
ORD_00466,27,Morning,SKU_229,638
ORD_00466,27,Morning,SKU_417,353
ORD_00466,27,Morning,SKU_381,352
ORD_00466,27,Morning,SKU_489,278
ORD_00466,27,Morning,SKU_405,100
ORD_00466,27,Morning,SKU_480,724
ORD_00467,7,Morning,SKU_489,525
ORD_00468,26,Morning,SKU_306,232
ORD_00468,26,Morning,SKU_195,209
ORD_00468,26,Morning,SKU_027,322
ORD_00468,26,Morning,SKU_070,248
ORD_00468,26,Morning,SKU_093,670
ORD_00468,26,Morning,SKU_353,700
ORD_00469,19,Afternoon,SKU_204,361
ORD_00470,8,Afternoon,SKU_490,1002
ORD_00470,8,Afternoon,SKU_080,489
ORD_00470,8,Afternoon,SKU_186,365
ORD_00470,8,Afternoon,SKU_007,982
ORD_00471,24,Afternoon,SKU_183,726
ORD_00471,24,Afternoon,SKU_447,664
ORD_00471,24,Afternoon,SKU_205,556
ORD_00471,24,Afternoon,SKU_350,255
ORD_00471,24,Afternoon,SKU_284,295
ORD_00472,15,Afternoon,SKU_006,698
ORD_00472,15,Afternoon,SKU_324,474
ORD_00472,15,Afternoon,SKU_318,211
ORD_00472,15,Afternoon,SKU_017,384
ORD_00473,9,Afternoon,SKU_342,256
ORD_00473,9,Afternoon,SKU_017,234
ORD_00473,9,Afternoon,SKU_491,631
ORD_00473,9,Afternoon,SKU_409,499
ORD_00473,9,Afternoon,SKU_046,392
ORD_00474,21,Morning,SKU_327,821
ORD_00474,21,Morning,SKU_281,1172
ORD_00474,21,Morning,SKU_090,294
ORD_00474,21,Morning,SKU_484,108
ORD_00474,21,Morning,SKU_264,621
ORD_00475,22,Morning,SKU_169,589
ORD_00475,22,Morning,SKU_347,508
ORD_00475,22,Morning,SKU_079,381
ORD_00475,22,Morning,SKU_176,635
ORD_00475,22,Morning,SKU_058,412
ORD_00476,17,Afternoon,SKU_302,559
ORD_00476,17,Afternoon,SKU_462,844
ORD_00476,17,Afternoon,SKU_374,124
ORD_00476,17,Afternoon,SKU_021,288
ORD_00476,17,Afternoon,SKU_348,175
ORD_00476,17,Afternoon,SKU_204,148
ORD_00476,17,Afternoon,SKU_459,235
ORD_00477,1,Morning,SKU_426,892
ORD_00477,1,Morning,SKU_441,175
ORD_00478,27,Morning,SKU_264,409
ORD_00478,27,Morning,SKU_388,532
ORD_00478,27,Morning,SKU_390,521
ORD_00478,27,Morning,SKU_219,350
ORD_00478,27,Morning,SKU_379,124
ORD_00478,27,Morning,SKU_344,133
ORD_00478,27,Morning,SKU_192,239
ORD_00479,1,Morning,SKU_335,144
ORD_00479,1,Morning,SKU_425,264
ORD_00479,1,Morning,SKU_290,1088
ORD_00480,14,Afternoon,SKU_489,605
ORD_00480,14,Afternoon,SKU_227,1150
ORD_00480,14,Afternoon,SKU_093,576
ORD_00480,14,Afternoon,SKU_297,198
ORD_00480,14,Afternoon,SKU_021,236
ORD_00481,13,Morning,SKU_326,308
ORD_00481,13,Morning,SKU_153,115
ORD_00481,13,Morning,SKU_463,145
ORD_00481,13,Morning,SKU_084,179
ORD_00482,28,Afternoon,SKU_223,397
ORD_00482,28,Afternoon,SKU_259,782
ORD_00482,28,Afternoon,SKU_159,980
ORD_00482,28,Afternoon,SKU_105,381
ORD_00482,28,Afternoon,SKU_445,596
ORD_00483,30,Morning,SKU_144,623
ORD_00484,29,Morning,SKU_115,541
ORD_00484,29,Morning,SKU_084,583
ORD_00484,29,Morning,SKU_450,256
ORD_00485,18,Afternoon,SKU_353,418
ORD_00485,18,Afternoon,SKU_120,243
ORD_00485,18,Afternoon,SKU_235,153
ORD_00485,18,Afternoon,SKU_187,414
ORD_00485,18,Afternoon,SKU_195,133
ORD_00485,18,Afternoon,SKU_168,1069
ORD_00485,18,Afternoon,SKU_046,142
ORD_00485,18,Afternoon,SKU_285,246
ORD_00486,11,Morning,SKU_373,889
ORD_00486,11,Morning,SKU_258,587
ORD_00486,11,Morning,SKU_305,656
ORD_00486,11,Morning,SKU_284,141
ORD_00487,12,Morning,SKU_152,484
ORD_00487,12,Morning,SKU_188,352
ORD_00487,12,Morning,SKU_326,522
ORD_00487,12,Morning,SKU_404,86
ORD_00487,12,Morning,SKU_459,225
ORD_00487,12,Morning,SKU_481,1219
ORD_00488,17,Morning,SKU_021,391
ORD_00488,17,Morning,SKU_373,958
ORD_00488,17,Morning,SKU_476,502
ORD_00488,17,Morning,SKU_195,418
ORD_00488,17,Morning,SKU_115,51
ORD_00489,16,Afternoon,SKU_475,450
ORD_00489,16,Afternoon,SKU_298,604
ORD_00489,16,Afternoon,SKU_373,943
ORD_00489,16,Afternoon,SKU_487,122
ORD_00489,16,Afternoon,SKU_264,365
ORD_00490,8,Afternoon,SKU_041,1116
ORD_00490,8,Afternoon,SKU_480,252
ORD_00490,8,Afternoon,SKU_285,659
ORD_00490,8,Afternoon,SKU_068,640
ORD_00491,19,Afternoon,SKU_441,201
ORD_00491,19,Afternoon,SKU_469,679
ORD_00491,19,Afternoon,SKU_335,130
ORD_00491,19,Afternoon,SKU_169,580
ORD_00491,19,Afternoon,SKU_347,642
ORD_00491,19,Afternoon,SKU_423,270
ORD_00492,15,Morning,SKU_156,175
ORD_00492,15,Morning,SKU_155,955
ORD_00492,15,Morning,SKU_323,114
ORD_00492,15,Morning,SKU_477,576
ORD_00492,15,Morning,SKU_066,1080
ORD_00493,9,Morning,SKU_442,331
ORD_00493,9,Morning,SKU_264,443
ORD_00493,9,Morning,SKU_461,402
ORD_00493,9,Morning,SKU_462,492
ORD_00493,9,Morning,SKU_259,669
ORD_00494,19,Morning,SKU_450,612
ORD_00494,19,Morning,SKU_360,74
ORD_00494,19,Morning,SKU_336,643
ORD_00494,19,Morning,SKU_002,104
ORD_00494,19,Morning,SKU_497,271
ORD_00494,19,Morning,SKU_187,204
ORD_00494,19,Morning,SKU_159,165
ORD_00494,19,Morning,SKU_272,121
ORD_00494,19,Morning,SKU_328,649
ORD_00495,30,Morning,SKU_134,660
ORD_00495,30,Morning,SKU_320,1173
ORD_00495,30,Morning,SKU_384,181
ORD_00495,30,Morning,SKU_235,488
ORD_00495,30,Morning,SKU_220,541
ORD_00496,15,Morning,SKU_015,637
ORD_00496,15,Morning,SKU_079,711
ORD_00496,15,Morning,SKU_441,295
ORD_00496,15,Morning,SKU_459,335
ORD_00496,15,Morning,SKU_270,650
ORD_00497,5,Morning,SKU_174,370
ORD_00497,5,Morning,SKU_331,368
ORD_00497,5,Morning,SKU_144,653
ORD_00497,5,Morning,SKU_379,328
ORD_00497,5,Morning,SKU_359,229
ORD_00497,5,Morning,SKU_084,510
ORD_00498,15,Afternoon,SKU_258,740
ORD_00498,15,Afternoon,SKU_476,1307
ORD_00499,22,Morning,SKU_194,804
ORD_00499,22,Morning,SKU_335,376
ORD_00499,22,Morning,SKU_189,807
ORD_00499,22,Morning,SKU_427,644
ORD_00500,8,Morning,SKU_094,792
ORD_00500,8,Morning,SKU_108,646
ORD_00500,8,Morning,SKU_038,352
ORD_00500,8,Morning,SKU_096,566
ORD_00500,8,Morning,SKU_462,307
ORD_00501,16,Afternoon,SKU_087,267
ORD_00501,16,Afternoon,SKU_386,585
ORD_00501,16,Afternoon,SKU_168,408
ORD_00501,16,Afternoon,SKU_108,443
ORD_00501,16,Afternoon,SKU_058,157
ORD_00501,16,Afternoon,SKU_278,383
ORD_00502,17,Morning,SKU_055,115
ORD_00502,17,Morning,SKU_111,1400
ORD_00502,17,Morning,SKU_201,558
ORD_00502,17,Morning,SKU_490,895
ORD_00503,20,Afternoon,SKU_068,539
ORD_00503,20,Afternoon,SKU_156,177
ORD_00503,20,Afternoon,SKU_309,481
ORD_00503,20,Afternoon,SKU_312,849
ORD_00503,20,Afternoon,SKU_041,275
ORD_00504,25,Morning,SKU_128,173
ORD_00504,25,Morning,SKU_279,670
ORD_00504,25,Morning,SKU_342,317
ORD_00504,25,Morning,SKU_264,265
ORD_00504,25,Morning,SKU_176,636
ORD_00504,25,Morning,SKU_476,283
ORD_00505,25,Morning,SKU_388,315
ORD_00505,25,Morning,SKU_414,919
ORD_00505,25,Morning,SKU_014,740
ORD_00505,25,Morning,SKU_293,787
ORD_00506,29,Afternoon,SKU_430,670
ORD_00506,29,Afternoon,SKU_489,480
ORD_00506,29,Afternoon,SKU_008,437
ORD_00506,29,Afternoon,SKU_427,521
ORD_00506,29,Afternoon,SKU_312,498
ORD_00507,7,Afternoon,SKU_041,983
ORD_00507,7,Afternoon,SKU_276,380
ORD_00507,7,Afternoon,SKU_440,49
ORD_00507,7,Afternoon,SKU_027,129
ORD_00507,7,Afternoon,SKU_456,711
ORD_00507,7,Afternoon,SKU_243,196
ORD_00507,7,Afternoon,SKU_490,779
ORD_00508,3,Afternoon,SKU_378,721
ORD_00508,3,Afternoon,SKU_369,223
ORD_00508,3,Afternoon,SKU_477,320
ORD_00508,3,Afternoon,SKU_129,209
ORD_00508,3,Afternoon,SKU_192,572
ORD_00508,3,Afternoon,SKU_028,93
ORD_00509,8,Morning,SKU_204,195
ORD_00509,8,Morning,SKU_471,465
ORD_00509,8,Morning,SKU_284,154
ORD_00509,8,Morning,SKU_457,124
ORD_00509,8,Morning,SKU_190,943
ORD_00509,8,Morning,SKU_326,393
ORD_00510,13,Afternoon,SKU_369,70
ORD_00510,13,Afternoon,SKU_093,591
ORD_00510,13,Afternoon,SKU_104,312
ORD_00510,13,Afternoon,SKU_487,540
ORD_00510,13,Afternoon,SKU_262,763
ORD_00511,21,Afternoon,SKU_232,254
ORD_00511,21,Afternoon,SKU_129,102
ORD_00511,21,Afternoon,SKU_400,274
ORD_00511,21,Afternoon,SKU_189,253
ORD_00511,21,Afternoon,SKU_485,486
ORD_00511,21,Afternoon,SKU_484,888
ORD_00512,30,Afternoon,SKU_192,626
ORD_00513,12,Afternoon,SKU_186,398
ORD_00513,12,Afternoon,SKU_162,1085
ORD_00513,12,Afternoon,SKU_244,616
ORD_00513,12,Afternoon,SKU_324,551
ORD_00514,1,Morning,SKU_038,146
ORD_00514,1,Morning,SKU_170,116
ORD_00514,1,Morning,SKU_171,373
ORD_00514,1,Morning,SKU_373,140
ORD_00514,1,Morning,SKU_008,409
ORD_00514,1,Morning,SKU_264,373
ORD_00514,1,Morning,SKU_312,602
ORD_00515,16,Afternoon,SKU_174,204
ORD_00515,16,Afternoon,SKU_331,201
ORD_00515,16,Afternoon,SKU_483,331
ORD_00516,7,Morning,SKU_217,473
ORD_00516,7,Morning,SKU_327,433
ORD_00516,7,Morning,SKU_070,505
ORD_00516,7,Morning,SKU_360,116
ORD_00516,7,Morning,SKU_490,302
ORD_00516,7,Morning,SKU_476,1224
ORD_00517,23,Morning,SKU_431,145
ORD_00517,23,Morning,SKU_393,344
ORD_00517,23,Morning,SKU_044,210
ORD_00517,23,Morning,SKU_288,929
ORD_00517,23,Morning,SKU_108,699
ORD_00517,23,Morning,SKU_141,347
ORD_00517,23,Morning,SKU_120,409
ORD_00518,25,Morning,SKU_418,387
ORD_00518,25,Morning,SKU_324,330
ORD_00518,25,Morning,SKU_255,723
ORD_00518,25,Morning,SKU_452,299
ORD_00518,25,Morning,SKU_018,421
ORD_00518,25,Morning,SKU_375,92
ORD_00518,25,Morning,SKU_480,614
ORD_00519,14,Morning,SKU_176,984
ORD_00519,14,Morning,SKU_329,57
ORD_00519,14,Morning,SKU_262,660
ORD_00519,14,Morning,SKU_360,75
ORD_00519,14,Morning,SKU_260,677
ORD_00519,14,Morning,SKU_469,599
ORD_00520,4,Morning,SKU_227,862
ORD_00520,4,Morning,SKU_469,917
ORD_00520,4,Morning,SKU_377,896
ORD_00520,4,Morning,SKU_192,194
ORD_00520,4,Morning,SKU_342,171
ORD_00521,13,Morning,SKU_023,210
ORD_00521,13,Morning,SKU_065,483
ORD_00521,13,Morning,SKU_244,436
ORD_00521,13,Morning,SKU_293,218
ORD_00521,13,Morning,SKU_052,702
ORD_00522,8,Morning,SKU_293,654
ORD_00522,8,Morning,SKU_079,791
ORD_00522,8,Morning,SKU_205,488
ORD_00522,8,Morning,SKU_068,629
ORD_00523,11,Afternoon,SKU_153,392
ORD_00523,11,Afternoon,SKU_117,296
ORD_00523,11,Afternoon,SKU_381,672
ORD_00523,11,Afternoon,SKU_067,577
ORD_00523,11,Afternoon,SKU_256,357
ORD_00524,7,Morning,SKU_087,441
ORD_00524,7,Morning,SKU_384,622
ORD_00524,7,Morning,SKU_129,226
ORD_00524,7,Morning,SKU_121,481
ORD_00524,7,Morning,SKU_244,1335
ORD_00525,16,Afternoon,SKU_379,497
ORD_00525,16,Afternoon,SKU_268,573
ORD_00525,16,Afternoon,SKU_490,371
ORD_00525,16,Afternoon,SKU_014,605
ORD_00525,16,Afternoon,SKU_380,325
ORD_00526,2,Afternoon,SKU_378,154
ORD_00526,2,Afternoon,SKU_345,547
ORD_00526,2,Afternoon,SKU_353,519
ORD_00526,2,Afternoon,SKU_134,990
ORD_00526,2,Afternoon,SKU_360,398
ORD_00526,2,Afternoon,SKU_162,181
ORD_00527,12,Afternoon,SKU_068,482
ORD_00527,12,Afternoon,SKU_048,1035
ORD_00527,12,Afternoon,SKU_167,755
ORD_00528,5,Afternoon,SKU_242,432
ORD_00528,5,Afternoon,SKU_247,615
ORD_00528,5,Afternoon,SKU_316,492
ORD_00528,5,Afternoon,SKU_353,318
ORD_00528,5,Afternoon,SKU_046,241
ORD_00528,5,Afternoon,SKU_491,188
ORD_00529,14,Morning,SKU_167,770
ORD_00529,14,Morning,SKU_433,455
ORD_00529,14,Morning,SKU_159,904
ORD_00529,14,Morning,SKU_087,838
ORD_00530,27,Morning,SKU_184,387
ORD_00530,27,Morning,SKU_313,411
ORD_00530,27,Morning,SKU_375,511
ORD_00530,27,Morning,SKU_100,112
ORD_00530,27,Morning,SKU_204,215
ORD_00530,27,Morning,SKU_312,938
ORD_00531,26,Morning,SKU_255,983
ORD_00531,26,Morning,SKU_460,504
ORD_00531,26,Morning,SKU_487,331
ORD_00531,26,Morning,SKU_379,586
ORD_00531,26,Morning,SKU_017,203
ORD_00532,15,Afternoon,SKU_014,604
ORD_00533,20,Afternoon,SKU_344,113
ORD_00533,20,Afternoon,SKU_288,187
ORD_00533,20,Afternoon,SKU_409,577
ORD_00533,20,Afternoon,SKU_186,427
ORD_00533,20,Afternoon,SKU_448,92
ORD_00533,20,Afternoon,SKU_250,254
ORD_00533,20,Afternoon,SKU_070,202
ORD_00534,2,Afternoon,SKU_017,234
ORD_00534,2,Afternoon,SKU_028,1315
ORD_00534,2,Afternoon,SKU_405,99
ORD_00534,2,Afternoon,SKU_167,790
ORD_00534,2,Afternoon,SKU_305,845
ORD_00535,25,Afternoon,SKU_253,669
ORD_00535,25,Afternoon,SKU_123,182
ORD_00536,23,Afternoon,SKU_217,1044
ORD_00536,23,Afternoon,SKU_087,657
ORD_00537,29,Afternoon,SKU_118,674
ORD_00537,29,Afternoon,SKU_456,951
ORD_00537,29,Afternoon,SKU_100,285
ORD_00537,29,Afternoon,SKU_476,762
ORD_00538,30,Morning,SKU_331,473
ORD_00538,30,Morning,SKU_120,789
ORD_00538,30,Morning,SKU_241,530
ORD_00538,30,Morning,SKU_027,297
ORD_00538,30,Morning,SKU_376,232
ORD_00539,12,Morning,SKU_144,305
ORD_00539,12,Morning,SKU_129,167
ORD_00539,12,Morning,SKU_458,385
ORD_00539,12,Morning,SKU_490,944
ORD_00540,5,Morning,SKU_027,430
ORD_00540,5,Morning,SKU_079,833
ORD_00540,5,Morning,SKU_405,713
ORD_00541,23,Morning,SKU_019,351
ORD_00541,23,Morning,SKU_374,471
ORD_00541,23,Morning,SKU_082,461
ORD_00541,23,Morning,SKU_159,576
ORD_00541,23,Morning,SKU_452,696
ORD_00542,19,Morning,SKU_017,668
ORD_00543,20,Afternoon,SKU_285,357
ORD_00543,20,Afternoon,SKU_183,131
ORD_00543,20,Afternoon,SKU_186,284
ORD_00544,30,Afternoon,SKU_377,471
ORD_00544,30,Afternoon,SKU_024,224
ORD_00544,30,Afternoon,SKU_205,130
ORD_00544,30,Afternoon,SKU_248,693
ORD_00544,30,Afternoon,SKU_270,598
ORD_00544,30,Afternoon,SKU_373,837
ORD_00545,11,Afternoon,SKU_064,440
ORD_00546,2,Morning,SKU_259,838
ORD_00546,2,Morning,SKU_442,92
ORD_00546,2,Morning,SKU_184,476
ORD_00546,2,Morning,SKU_481,1540
ORD_00546,2,Morning,SKU_091,194
ORD_00547,14,Afternoon,SKU_244,1266
ORD_00547,14,Afternoon,SKU_201,129
ORD_00547,14,Afternoon,SKU_497,665
ORD_00547,14,Afternoon,SKU_409,239
ORD_00547,14,Afternoon,SKU_312,736
ORD_00548,21,Morning,SKU_108,506
ORD_00548,21,Morning,SKU_087,594
ORD_00548,21,Morning,SKU_255,641
ORD_00548,21,Morning,SKU_463,457
ORD_00548,21,Morning,SKU_115,420
ORD_00549,18,Morning,SKU_370,509
ORD_00549,18,Morning,SKU_027,323
ORD_00549,18,Morning,SKU_280,894
ORD_00549,18,Morning,SKU_181,577
ORD_00549,18,Morning,SKU_327,173
ORD_00550,23,Afternoon,SKU_335,406
ORD_00550,23,Afternoon,SKU_297,583
ORD_00550,23,Afternoon,SKU_373,655
ORD_00550,23,Afternoon,SKU_205,384
ORD_00551,2,Morning,SKU_460,289
ORD_00551,2,Morning,SKU_445,668
ORD_00551,2,Morning,SKU_376,379
ORD_00551,2,Morning,SKU_304,679
ORD_00551,2,Morning,SKU_137,450
ORD_00552,20,Afternoon,SKU_443,461
ORD_00552,20,Afternoon,SKU_066,611
ORD_00552,20,Afternoon,SKU_129,52
ORD_00552,20,Afternoon,SKU_186,58
ORD_00552,20,Afternoon,SKU_329,408
ORD_00552,20,Afternoon,SKU_130,244
ORD_00552,20,Afternoon,SKU_290,158
ORD_00553,10,Afternoon,SKU_256,463
ORD_00553,10,Afternoon,SKU_316,115
ORD_00553,10,Afternoon,SKU_481,715
ORD_00553,10,Afternoon,SKU_280,218
ORD_00553,10,Afternoon,SKU_048,615
ORD_00553,10,Afternoon,SKU_284,314
ORD_00553,10,Afternoon,SKU_329,379
ORD_00554,6,Afternoon,SKU_232,265
ORD_00554,6,Afternoon,SKU_426,424
ORD_00555,27,Afternoon,SKU_345,139
ORD_00555,27,Afternoon,SKU_459,216
ORD_00555,27,Afternoon,SKU_022,96
ORD_00555,27,Afternoon,SKU_288,189
ORD_00555,27,Afternoon,SKU_244,1352
ORD_00555,27,Afternoon,SKU_342,63
ORD_00555,27,Afternoon,SKU_042,243
ORD_00555,27,Afternoon,SKU_021,390
ORD_00555,27,Afternoon,SKU_368,104
ORD_00556,26,Afternoon,SKU_380,179
ORD_00556,26,Afternoon,SKU_080,324
ORD_00556,26,Afternoon,SKU_326,201
ORD_00556,26,Afternoon,SKU_115,359
ORD_00556,26,Afternoon,SKU_041,521
ORD_00556,26,Afternoon,SKU_171,265
ORD_00556,26,Afternoon,SKU_403,61
ORD_00556,26,Afternoon,SKU_329,288
ORD_00557,1,Afternoon,SKU_055,111
ORD_00557,1,Afternoon,SKU_324,739
ORD_00557,1,Afternoon,SKU_008,114
ORD_00557,1,Afternoon,SKU_070,573
ORD_00557,1,Afternoon,SKU_270,292
ORD_00557,1,Afternoon,SKU_351,764
ORD_00558,8,Morning,SKU_189,270
ORD_00558,8,Morning,SKU_353,419
ORD_00558,8,Morning,SKU_070,377
ORD_00558,8,Morning,SKU_089,799
ORD_00558,8,Morning,SKU_376,339
ORD_00558,8,Morning,SKU_038,564
ORD_00559,24,Morning,SKU_477,157
ORD_00559,24,Morning,SKU_026,112
ORD_00559,24,Morning,SKU_069,286
ORD_00559,24,Morning,SKU_122,1033
ORD_00559,24,Morning,SKU_469,747
ORD_00559,24,Morning,SKU_187,603
ORD_00560,25,Morning,SKU_284,903
ORD_00560,25,Morning,SKU_205,600
ORD_00561,26,Afternoon,SKU_122,431
ORD_00561,26,Afternoon,SKU_040,428
ORD_00561,26,Afternoon,SKU_288,696
ORD_00561,26,Afternoon,SKU_358,184
ORD_00561,26,Afternoon,SKU_482,820
ORD_00561,26,Afternoon,SKU_341,193
ORD_00561,26,Afternoon,SKU_318,821
ORD_00562,15,Morning,SKU_400,290
ORD_00562,15,Morning,SKU_480,603
ORD_00562,15,Morning,SKU_252,847
ORD_00562,15,Morning,SKU_070,527
ORD_00562,15,Morning,SKU_352,259
ORD_00563,4,Afternoon,SKU_187,83
ORD_00563,4,Afternoon,SKU_369,362
ORD_00563,4,Afternoon,SKU_326,65
ORD_00563,4,Afternoon,SKU_223,1002
ORD_00563,4,Afternoon,SKU_378,411
ORD_00563,4,Afternoon,SKU_070,255
ORD_00563,4,Afternoon,SKU_352,236
ORD_00564,5,Morning,SKU_403,517
ORD_00565,5,Afternoon,SKU_284,784
ORD_00565,5,Afternoon,SKU_085,665
ORD_00566,24,Afternoon,SKU_445,155
ORD_00566,24,Afternoon,SKU_079,287
ORD_00566,24,Afternoon,SKU_131,255
ORD_00566,24,Afternoon,SKU_087,635
ORD_00566,24,Afternoon,SKU_363,473
ORD_00566,24,Afternoon,SKU_406,221
ORD_00566,24,Afternoon,SKU_230,408
ORD_00567,12,Afternoon,SKU_075,264
ORD_00567,12,Afternoon,SKU_129,293
ORD_00567,12,Afternoon,SKU_297,342
ORD_00567,12,Afternoon,SKU_490,897
ORD_00568,23,Afternoon,SKU_304,260
ORD_00568,23,Afternoon,SKU_055,357
ORD_00568,23,Afternoon,SKU_347,612
ORD_00568,23,Afternoon,SKU_244,253
ORD_00568,23,Afternoon,SKU_144,402
ORD_00568,23,Afternoon,SKU_028,205
ORD_00568,23,Afternoon,SKU_478,379
ORD_00569,11,Afternoon,SKU_476,804
ORD_00569,11,Afternoon,SKU_340,168
ORD_00569,11,Afternoon,SKU_459,1006
ORD_00569,11,Afternoon,SKU_244,657
ORD_00569,11,Afternoon,SKU_024,920
ORD_00570,20,Afternoon,SKU_115,150
ORD_00570,20,Afternoon,SKU_388,398
ORD_00570,20,Afternoon,SKU_227,174
ORD_00570,20,Afternoon,SKU_059,431
ORD_00570,20,Afternoon,SKU_448,157
ORD_00570,20,Afternoon,SKU_386,495
ORD_00570,20,Afternoon,SKU_320,790
ORD_00571,8,Morning,SKU_109,424
ORD_00571,8,Morning,SKU_174,295
ORD_00571,8,Morning,SKU_304,659
ORD_00571,8,Morning,SKU_017,405
ORD_00572,29,Morning,SKU_256,100
ORD_00572,29,Morning,SKU_447,169
ORD_00572,29,Morning,SKU_324,525
ORD_00572,29,Morning,SKU_151,532
ORD_00572,29,Morning,SKU_384,900
ORD_00572,29,Morning,SKU_111,700
ORD_00573,7,Morning,SKU_409,254
ORD_00573,7,Morning,SKU_304,616
ORD_00574,10,Afternoon,SKU_381,930
ORD_00574,10,Afternoon,SKU_008,613
ORD_00574,10,Afternoon,SKU_122,1139
ORD_00574,10,Afternoon,SKU_375,216
ORD_00575,10,Morning,SKU_122,1249
ORD_00575,10,Morning,SKU_071,563
ORD_00575,10,Morning,SKU_304,316
ORD_00575,10,Morning,SKU_191,279
ORD_00576,25,Morning,SKU_159,639
ORD_00576,25,Morning,SKU_496,267
ORD_00576,25,Morning,SKU_213,312
ORD_00576,25,Morning,SKU_462,230
ORD_00577,21,Morning,SKU_326,527
ORD_00577,21,Morning,SKU_146,499
ORD_00577,21,Morning,SKU_463,671
ORD_00577,21,Morning,SKU_122,483
ORD_00578,5,Morning,SKU_017,550
ORD_00578,5,Morning,SKU_008,69
ORD_00578,5,Morning,SKU_110,1105
ORD_00579,9,Afternoon,SKU_286,876
ORD_00579,9,Afternoon,SKU_156,276
ORD_00579,9,Afternoon,SKU_441,518
ORD_00579,9,Afternoon,SKU_351,255
ORD_00579,9,Afternoon,SKU_376,369
ORD_00580,18,Morning,SKU_463,280
ORD_00580,18,Morning,SKU_326,120
ORD_00580,18,Morning,SKU_118,668
ORD_00580,18,Morning,SKU_224,249
ORD_00580,18,Morning,SKU_247,197
ORD_00580,18,Morning,SKU_415,305
ORD_00580,18,Morning,SKU_408,166
ORD_00580,18,Morning,SKU_204,79
ORD_00581,2,Afternoon,SKU_269,629
ORD_00582,3,Afternoon,SKU_041,1024
ORD_00582,3,Afternoon,SKU_305,961
ORD_00582,3,Afternoon,SKU_480,506
ORD_00582,3,Afternoon,SKU_360,238
ORD_00582,3,Afternoon,SKU_272,98
ORD_00583,24,Morning,SKU_141,1142
ORD_00583,24,Morning,SKU_373,893
ORD_00583,24,Morning,SKU_360,440
ORD_00583,24,Morning,SKU_344,88
ORD_00584,7,Morning,SKU_324,411
ORD_00584,7,Morning,SKU_475,166
ORD_00584,7,Morning,SKU_380,293
ORD_00584,7,Morning,SKU_275,360
ORD_00585,4,Afternoon,SKU_463,176
ORD_00585,4,Afternoon,SKU_066,1135
ORD_00586,22,Morning,SKU_462,346
ORD_00586,22,Morning,SKU_008,591
ORD_00586,22,Morning,SKU_144,857
ORD_00586,22,Morning,SKU_381,822
ORD_00587,24,Morning,SKU_481,598
ORD_00587,24,Morning,SKU_403,516
ORD_00587,24,Morning,SKU_443,377
ORD_00587,24,Morning,SKU_047,335
ORD_00587,24,Morning,SKU_184,122
ORD_00587,24,Morning,SKU_404,543
ORD_00588,19,Afternoon,SKU_312,952
ORD_00588,19,Afternoon,SKU_254,572
ORD_00588,19,Afternoon,SKU_353,799
ORD_00588,19,Afternoon,SKU_082,837
ORD_00589,12,Morning,SKU_476,472
ORD_00589,12,Morning,SKU_159,829
ORD_00589,12,Morning,SKU_008,543
ORD_00589,12,Morning,SKU_017,577
ORD_00590,3,Morning,SKU_213,640
ORD_00591,13,Afternoon,SKU_041,977
ORD_00591,13,Afternoon,SKU_040,659
ORD_00591,13,Afternoon,SKU_055,357
ORD_00591,13,Afternoon,SKU_284,882
ORD_00592,9,Afternoon,SKU_247,132
ORD_00592,9,Afternoon,SKU_374,293
ORD_00593,1,Afternoon,SKU_311,405
ORD_00593,1,Afternoon,SKU_056,511
ORD_00593,1,Afternoon,SKU_186,267
ORD_00593,1,Afternoon,SKU_107,703
ORD_00593,1,Afternoon,SKU_080,274
ORD_00593,1,Afternoon,SKU_433,116
ORD_00594,1,Morning,SKU_255,1033
ORD_00594,1,Morning,SKU_415,650
ORD_00594,1,Morning,SKU_469,410
ORD_00594,1,Morning,SKU_017,268
ORD_00594,1,Morning,SKU_389,247
ORD_00594,1,Morning,SKU_328,589
ORD_00595,2,Afternoon,SKU_443,193
ORD_00595,2,Afternoon,SKU_159,258
ORD_00595,2,Afternoon,SKU_107,394
ORD_00595,2,Afternoon,SKU_264,304
ORD_00595,2,Afternoon,SKU_497,517
ORD_00595,2,Afternoon,SKU_120,997
ORD_00596,15,Morning,SKU_038,664
ORD_00596,15,Morning,SKU_445,229
ORD_00596,15,Morning,SKU_028,177
ORD_00596,15,Morning,SKU_125,125
ORD_00596,15,Morning,SKU_332,537
ORD_00596,15,Morning,SKU_381,208
ORD_00596,15,Morning,SKU_156,202
ORD_00596,15,Morning,SKU_460,632
ORD_00597,22,Afternoon,SKU_017,361
ORD_00597,22,Afternoon,SKU_478,626
ORD_00597,22,Afternoon,SKU_140,735
ORD_00597,22,Afternoon,SKU_324,403
ORD_00597,22,Afternoon,SKU_375,80
ORD_00598,14,Afternoon,SKU_001,366
ORD_00598,14,Afternoon,SKU_122,467
ORD_00598,14,Afternoon,SKU_040,832
ORD_00598,14,Afternoon,SKU_217,877
ORD_00598,14,Afternoon,SKU_087,877
ORD_00599,21,Afternoon,SKU_374,590
ORD_00599,21,Afternoon,SKU_418,767
ORD_00600,21,Morning,SKU_255,1209
ORD_00600,21,Morning,SKU_187,752
ORD_00600,21,Morning,SKU_079,528
ORD_00600,21,Morning,SKU_093,148
ORD_00600,21,Morning,SKU_352,130
ORD_00601,22,Morning,SKU_354,613
ORD_00601,22,Morning,SKU_212,472
ORD_00601,22,Morning,SKU_079,362
ORD_00601,22,Morning,SKU_430,249
ORD_00601,22,Morning,SKU_070,323
ORD_00601,22,Morning,SKU_408,346
ORD_00602,5,Afternoon,SKU_352,108
ORD_00602,5,Afternoon,SKU_433,911
ORD_00602,5,Afternoon,SKU_240,454
ORD_00603,4,Afternoon,SKU_014,127
ORD_00603,4,Afternoon,SKU_143,1240
ORD_00604,7,Afternoon,SKU_027,255
ORD_00604,7,Afternoon,SKU_251,155
ORD_00604,7,Afternoon,SKU_235,390
ORD_00604,7,Afternoon,SKU_310,443
ORD_00604,7,Afternoon,SKU_404,679
ORD_00604,7,Afternoon,SKU_433,818
ORD_00605,23,Morning,SKU_052,574
ORD_00605,23,Morning,SKU_305,318
ORD_00605,23,Morning,SKU_109,269
ORD_00605,23,Morning,SKU_169,1053
ORD_00605,23,Morning,SKU_264,289
ORD_00605,23,Morning,SKU_286,617
ORD_00606,9,Afternoon,SKU_409,511
ORD_00606,9,Afternoon,SKU_021,79
ORD_00606,9,Afternoon,SKU_098,443
ORD_00607,10,Morning,SKU_052,560
ORD_00607,10,Morning,SKU_493,347
ORD_00607,10,Morning,SKU_195,395
ORD_00607,10,Morning,SKU_090,188
ORD_00607,10,Morning,SKU_376,86
ORD_00607,10,Morning,SKU_079,393
ORD_00608,25,Morning,SKU_079,545
ORD_00608,25,Morning,SKU_418,673
ORD_00608,25,Morning,SKU_341,679
ORD_00608,25,Morning,SKU_260,908
ORD_00608,25,Morning,SKU_162,108
ORD_00609,18,Afternoon,SKU_044,1176
ORD_00609,18,Afternoon,SKU_417,147
ORD_00609,18,Afternoon,SKU_192,536
ORD_00609,18,Afternoon,SKU_302,185
ORD_00609,18,Afternoon,SKU_118,188
ORD_00609,18,Afternoon,SKU_125,174
ORD_00610,23,Afternoon,SKU_186,168
ORD_00610,23,Afternoon,SKU_153,267
ORD_00610,23,Afternoon,SKU_477,478
ORD_00610,23,Afternoon,SKU_279,579
ORD_00610,23,Afternoon,SKU_294,1189
ORD_00611,4,Afternoon,SKU_018,800
ORD_00611,4,Afternoon,SKU_159,420
ORD_00611,4,Afternoon,SKU_147,494
ORD_00612,28,Afternoon,SKU_066,698
ORD_00612,28,Afternoon,SKU_272,309
ORD_00612,28,Afternoon,SKU_487,124
ORD_00613,14,Morning,SKU_449,298
ORD_00613,14,Morning,SKU_162,194
ORD_00613,14,Morning,SKU_403,263
ORD_00613,14,Morning,SKU_430,151
ORD_00613,14,Morning,SKU_441,273
ORD_00613,14,Morning,SKU_305,1017
ORD_00613,14,Morning,SKU_108,219
ORD_00614,19,Afternoon,SKU_082,913
ORD_00614,19,Afternoon,SKU_376,401
ORD_00614,19,Afternoon,SKU_176,756
ORD_00614,19,Afternoon,SKU_481,925
ORD_00615,25,Afternoon,SKU_304,398
ORD_00615,25,Afternoon,SKU_111,523
ORD_00615,25,Afternoon,SKU_195,209
ORD_00615,25,Afternoon,SKU_259,455
ORD_00615,25,Afternoon,SKU_060,811
ORD_00615,25,Afternoon,SKU_255,954
ORD_00616,11,Afternoon,SKU_188,420
ORD_00616,11,Afternoon,SKU_369,296
ORD_00616,11,Afternoon,SKU_462,962
ORD_00616,11,Afternoon,SKU_491,702
ORD_00617,2,Morning,SKU_008,326
ORD_00617,2,Morning,SKU_201,544
ORD_00617,2,Morning,SKU_344,58
ORD_00617,2,Morning,SKU_473,145
ORD_00618,23,Morning,SKU_279,324
ORD_00618,23,Morning,SKU_418,850
ORD_00618,23,Morning,SKU_293,131
ORD_00618,23,Morning,SKU_373,151
ORD_00618,23,Morning,SKU_327,501
ORD_00618,23,Morning,SKU_107,416
ORD_00619,25,Morning,SKU_078,636
ORD_00619,25,Morning,SKU_473,72
ORD_00619,25,Morning,SKU_360,90
ORD_00619,25,Morning,SKU_354,555
ORD_00619,25,Morning,SKU_089,1400
ORD_00619,25,Morning,SKU_158,623
ORD_00620,25,Afternoon,SKU_476,1137
ORD_00620,25,Afternoon,SKU_111,905
ORD_00620,25,Afternoon,SKU_024,956
ORD_00620,25,Afternoon,SKU_258,593
ORD_00620,25,Afternoon,SKU_386,51
ORD_00621,15,Afternoon,SKU_214,111
ORD_00621,15,Afternoon,SKU_335,266
ORD_00621,15,Afternoon,SKU_326,417
ORD_00621,15,Afternoon,SKU_433,479
ORD_00621,15,Afternoon,SKU_331,268
ORD_00621,15,Afternoon,SKU_052,406
ORD_00621,15,Afternoon,SKU_499,23
ORD_00622,20,Afternoon,SKU_433,669
ORD_00622,20,Afternoon,SKU_018,594
ORD_00622,20,Afternoon,SKU_490,709
ORD_00623,19,Afternoon,SKU_374,466
ORD_00623,19,Afternoon,SKU_058,212
ORD_00623,19,Afternoon,SKU_324,110
ORD_00623,19,Afternoon,SKU_129,300
ORD_00623,19,Afternoon,SKU_159,863
ORD_00624,11,Morning,SKU_090,308
ORD_00624,11,Morning,SKU_446,287
ORD_00624,11,Morning,SKU_008,399
ORD_00624,11,Morning,SKU_291,741
ORD_00624,11,Morning,SKU_326,441
ORD_00625,13,Morning,SKU_203,337
ORD_00625,13,Morning,SKU_093,358
ORD_00625,13,Morning,SKU_256,74
ORD_00625,13,Morning,SKU_460,353
ORD_00625,13,Morning,SKU_445,288
ORD_00625,13,Morning,SKU_289,862
ORD_00625,13,Morning,SKU_120,482
ORD_00625,13,Morning,SKU_376,99
ORD_00626,14,Afternoon,SKU_052,282
ORD_00626,14,Afternoon,SKU_379,292
ORD_00626,14,Afternoon,SKU_037,694
ORD_00626,14,Afternoon,SKU_047,1023
ORD_00627,19,Afternoon,SKU_021,536
ORD_00627,19,Afternoon,SKU_378,240
ORD_00628,5,Morning,SKU_140,199
ORD_00628,5,Morning,SKU_484,427
ORD_00628,5,Morning,SKU_108,90
ORD_00628,5,Morning,SKU_476,366
ORD_00628,5,Morning,SKU_058,362
ORD_00628,5,Morning,SKU_322,775
ORD_00628,5,Morning,SKU_463,181
ORD_00629,27,Afternoon,SKU_270,212
ORD_00629,27,Afternoon,SKU_331,183
ORD_00630,7,Morning,SKU_405,809
ORD_00630,7,Morning,SKU_462,889
ORD_00631,2,Morning,SKU_064,224
ORD_00631,2,Morning,SKU_217,447
ORD_00631,2,Morning,SKU_122,398
ORD_00631,2,Morning,SKU_087,244
ORD_00631,2,Morning,SKU_286,827
ORD_00631,2,Morning,SKU_052,580
ORD_00631,2,Morning,SKU_019,123
ORD_00632,2,Afternoon,SKU_071,383
ORD_00632,2,Afternoon,SKU_120,203
ORD_00632,2,Afternoon,SKU_156,101
ORD_00632,2,Afternoon,SKU_268,90
ORD_00632,2,Afternoon,SKU_451,271
ORD_00632,2,Afternoon,SKU_376,69
ORD_00632,2,Afternoon,SKU_400,753
ORD_00632,2,Afternoon,SKU_327,536
ORD_00633,9,Afternoon,SKU_070,224
ORD_00633,9,Afternoon,SKU_255,952
ORD_00633,9,Afternoon,SKU_415,293
ORD_00633,9,Afternoon,SKU_323,311
ORD_00633,9,Afternoon,SKU_295,328
ORD_00633,9,Afternoon,SKU_189,665
ORD_00634,8,Morning,SKU_497,470
ORD_00634,8,Morning,SKU_409,336
ORD_00635,6,Afternoon,SKU_065,585
ORD_00635,6,Afternoon,SKU_070,540
ORD_00635,6,Afternoon,SKU_313,291
ORD_00636,5,Morning,SKU_239,77
ORD_00636,5,Morning,SKU_439,798
ORD_00636,5,Morning,SKU_017,521
ORD_00636,5,Morning,SKU_353,821
ORD_00636,5,Morning,SKU_122,225
ORD_00637,2,Afternoon,SKU_079,279
ORD_00637,2,Afternoon,SKU_476,1405
ORD_00637,2,Afternoon,SKU_316,505
ORD_00637,2,Afternoon,SKU_326,93
ORD_00637,2,Afternoon,SKU_248,559
ORD_00637,2,Afternoon,SKU_332,360
ORD_00637,2,Afternoon,SKU_046,26
ORD_00638,2,Morning,SKU_225,120
ORD_00638,2,Morning,SKU_104,264
ORD_00638,2,Morning,SKU_250,1010
ORD_00639,30,Afternoon,SKU_403,454
ORD_00639,30,Afternoon,SKU_406,278
ORD_00639,30,Afternoon,SKU_294,645
ORD_00639,30,Afternoon,SKU_131,84
ORD_00640,28,Morning,SKU_064,415
ORD_00640,28,Morning,SKU_189,591
ORD_00641,7,Afternoon,SKU_080,937
ORD_00641,7,Afternoon,SKU_050,424
ORD_00641,7,Afternoon,SKU_370,486
ORD_00641,7,Afternoon,SKU_037,636
ORD_00641,7,Afternoon,SKU_460,145
ORD_00641,7,Afternoon,SKU_279,638
ORD_00642,4,Morning,SKU_213,199
ORD_00642,4,Morning,SKU_448,642
ORD_00642,4,Morning,SKU_415,294
ORD_00642,4,Morning,SKU_351,782
ORD_00642,4,Morning,SKU_323,320
ORD_00643,26,Morning,SKU_495,370
ORD_00643,26,Morning,SKU_374,112
ORD_00643,26,Morning,SKU_008,247
ORD_00644,4,Morning,SKU_416,405
ORD_00644,4,Morning,SKU_313,562
ORD_00645,11,Afternoon,SKU_251,709
ORD_00645,11,Afternoon,SKU_480,476
ORD_00645,11,Afternoon,SKU_433,643
ORD_00645,11,Afternoon,SKU_201,361
ORD_00645,11,Afternoon,SKU_024,393
ORD_00646,3,Afternoon,SKU_372,124
ORD_00646,3,Afternoon,SKU_060,515
ORD_00646,3,Afternoon,SKU_047,737
ORD_00646,3,Afternoon,SKU_255,562
ORD_00646,3,Afternoon,SKU_304,286
ORD_00646,3,Afternoon,SKU_307,1454
ORD_00647,12,Afternoon,SKU_156,229
ORD_00647,12,Afternoon,SKU_059,146
ORD_00647,12,Afternoon,SKU_262,636
ORD_00647,12,Afternoon,SKU_408,473
ORD_00647,12,Afternoon,SKU_144,783
ORD_00648,28,Afternoon,SKU_331,227
ORD_00648,28,Afternoon,SKU_156,78
ORD_00648,28,Afternoon,SKU_056,457
ORD_00648,28,Afternoon,SKU_312,281
ORD_00648,28,Afternoon,SKU_299,415
ORD_00648,28,Afternoon,SKU_437,661
ORD_00648,28,Afternoon,SKU_446,25
ORD_00649,15,Afternoon,SKU_396,136
ORD_00649,15,Afternoon,SKU_497,646
ORD_00649,15,Afternoon,SKU_335,427
ORD_00649,15,Afternoon,SKU_404,258
ORD_00650,4,Afternoon,SKU_408,412
ORD_00650,4,Afternoon,SKU_452,627
ORD_00650,4,Afternoon,SKU_225,329
ORD_00650,4,Afternoon,SKU_111,992
ORD_00650,4,Afternoon,SKU_015,227
ORD_00651,19,Morning,SKU_481,1244
ORD_00651,19,Morning,SKU_192,614
ORD_00651,19,Morning,SKU_159,700
ORD_00651,19,Morning,SKU_324,112
ORD_00651,19,Morning,SKU_299,419
ORD_00651,19,Morning,SKU_328,81
ORD_00652,9,Afternoon,SKU_384,611
ORD_00652,9,Afternoon,SKU_326,530
ORD_00652,9,Afternoon,SKU_418,203
ORD_00652,9,Afternoon,SKU_235,130
ORD_00652,9,Afternoon,SKU_344,52
ORD_00652,9,Afternoon,SKU_044,1181
ORD_00653,1,Morning,SKU_152,250
ORD_00653,1,Morning,SKU_416,397
ORD_00654,17,Morning,SKU_374,269
ORD_00654,17,Morning,SKU_105,340
ORD_00654,17,Morning,SKU_463,608
ORD_00654,17,Morning,SKU_242,125
ORD_00654,17,Morning,SKU_207,476
ORD_00654,17,Morning,SKU_428,228
ORD_00655,23,Afternoon,SKU_028,1084
ORD_00655,23,Afternoon,SKU_403,437
ORD_00655,23,Afternoon,SKU_481,670
ORD_00655,23,Afternoon,SKU_305,389
ORD_00655,23,Afternoon,SKU_288,760
ORD_00656,25,Morning,SKU_456,807
ORD_00656,25,Morning,SKU_445,1125
ORD_00656,25,Morning,SKU_204,344
ORD_00656,25,Morning,SKU_476,355
ORD_00656,25,Morning,SKU_091,271
ORD_00657,16,Afternoon,SKU_070,414
ORD_00657,16,Afternoon,SKU_263,195
ORD_00657,16,Afternoon,SKU_442,547
ORD_00657,16,Afternoon,SKU_360,242
ORD_00657,16,Afternoon,SKU_192,444
ORD_00657,16,Afternoon,SKU_329,97
ORD_00658,6,Afternoon,SKU_280,629
ORD_00658,6,Afternoon,SKU_463,259
ORD_00659,23,Afternoon,SKU_020,580
ORD_00659,23,Afternoon,SKU_248,402
ORD_00660,3,Morning,SKU_338,164
ORD_00660,3,Morning,SKU_496,374
ORD_00661,30,Morning,SKU_480,492
ORD_00662,7,Morning,SKU_286,840
ORD_00662,7,Morning,SKU_024,211
ORD_00662,7,Morning,SKU_156,658
ORD_00662,7,Morning,SKU_480,205
ORD_00662,7,Morning,SKU_080,827
ORD_00663,7,Morning,SKU_441,478
ORD_00663,7,Morning,SKU_378,927
ORD_00663,7,Morning,SKU_189,547
ORD_00663,7,Morning,SKU_335,394
ORD_00664,16,Afternoon,SKU_087,410
ORD_00664,16,Afternoon,SKU_105,869
ORD_00664,16,Afternoon,SKU_108,520
ORD_00664,16,Afternoon,SKU_131,519
ORD_00665,29,Afternoon,SKU_354,812
ORD_00665,29,Afternoon,SKU_474,217
ORD_00665,29,Afternoon,SKU_279,487
ORD_00665,29,Afternoon,SKU_223,452
ORD_00665,29,Afternoon,SKU_488,608
ORD_00666,8,Morning,SKU_378,101
ORD_00666,8,Morning,SKU_244,1010
ORD_00666,8,Morning,SKU_223,412
ORD_00666,8,Morning,SKU_290,605
ORD_00666,8,Morning,SKU_121,255
ORD_00666,8,Morning,SKU_186,255
ORD_00667,21,Afternoon,SKU_028,560
ORD_00667,21,Afternoon,SKU_217,1122
ORD_00667,21,Afternoon,SKU_460,395
ORD_00667,21,Afternoon,SKU_375,363
ORD_00668,19,Afternoon,SKU_162,345
ORD_00668,19,Afternoon,SKU_014,129
ORD_00668,19,Afternoon,SKU_217,1054
ORD_00668,19,Afternoon,SKU_469,1034
ORD_00668,19,Afternoon,SKU_279,974
ORD_00669,5,Morning,SKU_195,216
ORD_00669,5,Morning,SKU_481,938
ORD_00669,5,Morning,SKU_347,645
ORD_00669,5,Morning,SKU_100,397
ORD_00669,5,Morning,SKU_323,191
ORD_00670,29,Afternoon,SKU_087,1144
ORD_00670,29,Afternoon,SKU_344,181
ORD_00671,26,Afternoon,SKU_329,120
ORD_00671,26,Afternoon,SKU_151,208
ORD_00671,26,Afternoon,SKU_192,548
ORD_00671,26,Afternoon,SKU_460,466
ORD_00671,26,Afternoon,SKU_030,360
ORD_00671,26,Afternoon,SKU_156,88
ORD_00672,6,Afternoon,SKU_378,300
ORD_00672,6,Afternoon,SKU_145,149
ORD_00672,6,Afternoon,SKU_114,98
ORD_00672,6,Afternoon,SKU_225,201
ORD_00672,6,Afternoon,SKU_409,498
ORD_00672,6,Afternoon,SKU_050,968
ORD_00673,20,Afternoon,SKU_405,229
ORD_00673,20,Afternoon,SKU_380,158
ORD_00673,20,Afternoon,SKU_341,598
ORD_00673,20,Afternoon,SKU_141,172
ORD_00673,20,Afternoon,SKU_041,438
ORD_00673,20,Afternoon,SKU_415,270
ORD_00673,20,Afternoon,SKU_028,994
ORD_00673,20,Afternoon,SKU_223,417
ORD_00674,29,Morning,SKU_441,185
ORD_00674,29,Morning,SKU_227,1112
ORD_00674,29,Morning,SKU_376,282
ORD_00674,29,Morning,SKU_084,947
ORD_00674,29,Morning,SKU_171,143
ORD_00674,29,Morning,SKU_480,349
ORD_00675,9,Afternoon,SKU_327,382
ORD_00675,9,Afternoon,SKU_302,390
ORD_00675,9,Afternoon,SKU_090,436
ORD_00675,9,Afternoon,SKU_441,404
ORD_00675,9,Afternoon,SKU_195,325
ORD_00675,9,Afternoon,SKU_010,58
ORD_00676,11,Afternoon,SKU_318,792
ORD_00676,11,Afternoon,SKU_480,498
ORD_00676,11,Afternoon,SKU_093,164
ORD_00676,11,Afternoon,SKU_192,499
ORD_00676,11,Afternoon,SKU_193,441
ORD_00677,4,Afternoon,SKU_328,890
ORD_00677,4,Afternoon,SKU_250,1355
ORD_00677,4,Afternoon,SKU_324,414
ORD_00677,4,Afternoon,SKU_040,809
ORD_00677,4,Afternoon,SKU_008,96
ORD_00678,12,Morning,SKU_014,596
ORD_00678,12,Morning,SKU_497,235
ORD_00678,12,Morning,SKU_212,432
ORD_00678,12,Morning,SKU_280,390
ORD_00678,12,Morning,SKU_122,289
ORD_00678,12,Morning,SKU_344,359
ORD_00679,26,Morning,SKU_448,515
ORD_00679,26,Morning,SKU_014,329
ORD_00679,26,Morning,SKU_074,429
ORD_00679,26,Morning,SKU_079,861
ORD_00679,26,Morning,SKU_234,202
ORD_00680,9,Afternoon,SKU_304,561
ORD_00680,9,Afternoon,SKU_052,368
ORD_00680,9,Afternoon,SKU_176,763
ORD_00680,9,Afternoon,SKU_129,164
ORD_00680,9,Afternoon,SKU_323,371
ORD_00681,1,Afternoon,SKU_466,656
ORD_00681,1,Afternoon,SKU_096,230
ORD_00681,1,Afternoon,SKU_270,260
ORD_00681,1,Afternoon,SKU_188,539
ORD_00681,1,Afternoon,SKU_100,360
ORD_00682,10,Morning,SKU_335,384
ORD_00682,10,Morning,SKU_271,485
ORD_00683,15,Morning,SKU_115,368
ORD_00683,15,Morning,SKU_204,215
ORD_00683,15,Morning,SKU_042,672
ORD_00683,15,Morning,SKU_131,307
ORD_00683,15,Morning,SKU_106,1101
ORD_00684,29,Morning,SKU_374,456
ORD_00684,29,Morning,SKU_441,222
ORD_00684,29,Morning,SKU_288,802
ORD_00684,29,Morning,SKU_323,174
ORD_00684,29,Morning,SKU_433,227
ORD_00684,29,Morning,SKU_269,674
ORD_00685,15,Morning,SKU_477,373
ORD_00685,15,Morning,SKU_015,314
ORD_00686,16,Morning,SKU_144,622
ORD_00687,7,Morning,SKU_376,374
ORD_00687,7,Morning,SKU_193,173
ORD_00687,7,Morning,SKU_350,217
ORD_00687,7,Morning,SKU_050,839
ORD_00687,7,Morning,SKU_223,624
ORD_00687,7,Morning,SKU_445,680
ORD_00688,8,Morning,SKU_459,844
ORD_00688,8,Morning,SKU_027,210
ORD_00688,8,Morning,SKU_018,765
ORD_00688,8,Morning,SKU_084,332
ORD_00688,8,Morning,SKU_072,938
ORD_00689,18,Afternoon,SKU_024,574
ORD_00689,18,Afternoon,SKU_351,1032
ORD_00689,18,Afternoon,SKU_189,140
ORD_00689,18,Afternoon,SKU_061,788
ORD_00689,18,Afternoon,SKU_452,376
ORD_00690,12,Morning,SKU_021,415
ORD_00690,12,Morning,SKU_174,607
ORD_00690,12,Morning,SKU_010,155
ORD_00690,12,Morning,SKU_115,605
ORD_00691,15,Morning,SKU_240,155
ORD_00691,15,Morning,SKU_267,224
ORD_00691,15,Morning,SKU_200,300
ORD_00691,15,Morning,SKU_331,366
ORD_00691,15,Morning,SKU_446,497
ORD_00691,15,Morning,SKU_377,542
ORD_00691,15,Morning,SKU_144,62
ORD_00692,30,Afternoon,SKU_484,885
ORD_00692,30,Afternoon,SKU_225,95
ORD_00692,30,Afternoon,SKU_284,114
ORD_00692,30,Afternoon,SKU_441,139
ORD_00692,30,Afternoon,SKU_009,708
ORD_00692,30,Afternoon,SKU_248,565
ORD_00692,30,Afternoon,SKU_425,210
ORD_00693,10,Afternoon,SKU_046,147
ORD_00693,10,Afternoon,SKU_122,1088
ORD_00693,10,Afternoon,SKU_433,879
ORD_00693,10,Afternoon,SKU_305,912
ORD_00693,10,Afternoon,SKU_018,202
ORD_00694,13,Afternoon,SKU_122,903
ORD_00695,1,Morning,SKU_258,344
ORD_00695,1,Morning,SKU_168,983
ORD_00695,1,Morning,SKU_139,321
ORD_00695,1,Morning,SKU_345,102
ORD_00695,1,Morning,SKU_308,871
ORD_00695,1,Morning,SKU_014,76
ORD_00696,4,Afternoon,SKU_017,437
ORD_00696,4,Afternoon,SKU_374,84
ORD_00696,4,Afternoon,SKU_108,247
ORD_00696,4,Afternoon,SKU_279,734
ORD_00697,19,Morning,SKU_441,382
ORD_00697,19,Morning,SKU_257,1005
ORD_00697,19,Morning,SKU_182,392
ORD_00697,19,Morning,SKU_466,396
ORD_00697,19,Morning,SKU_147,74
ORD_00698,11,Afternoon,SKU_289,265
ORD_00698,11,Afternoon,SKU_213,106
ORD_00698,11,Afternoon,SKU_452,127
ORD_00698,11,Afternoon,SKU_495,202
ORD_00698,11,Afternoon,SKU_302,309
ORD_00698,11,Afternoon,SKU_159,373
ORD_00698,11,Afternoon,SKU_433,649
ORD_00698,11,Afternoon,SKU_388,258
ORD_00698,11,Afternoon,SKU_066,718
ORD_00699,2,Afternoon,SKU_242,131
ORD_00699,2,Afternoon,SKU_418,903
ORD_00699,2,Afternoon,SKU_294,581
ORD_00699,2,Afternoon,SKU_312,732
ORD_00699,2,Afternoon,SKU_014,159
ORD_00699,2,Afternoon,SKU_120,568
ORD_00700,5,Morning,SKU_424,772
ORD_00701,28,Afternoon,SKU_430,289
ORD_00701,28,Afternoon,SKU_002,274
ORD_00701,28,Afternoon,SKU_256,420
ORD_00701,28,Afternoon,SKU_275,348
ORD_00702,17,Afternoon,SKU_198,1014
ORD_00702,17,Afternoon,SKU_270,709
ORD_00702,17,Afternoon,SKU_052,224
ORD_00702,17,Afternoon,SKU_221,671
ORD_00702,17,Afternoon,SKU_088,835
ORD_00703,28,Afternoon,SKU_121,187
ORD_00703,28,Afternoon,SKU_236,456
ORD_00703,28,Afternoon,SKU_145,213
ORD_00703,28,Afternoon,SKU_019,177
ORD_00703,28,Afternoon,SKU_122,1259
ORD_00703,28,Afternoon,SKU_476,1297
ORD_00704,14,Afternoon,SKU_156,126
ORD_00704,14,Afternoon,SKU_360,349
ORD_00704,14,Afternoon,SKU_473,334
ORD_00704,14,Afternoon,SKU_229,635
ORD_00704,14,Afternoon,SKU_184,225
ORD_00704,14,Afternoon,SKU_291,563
ORD_00705,23,Afternoon,SKU_121,229
ORD_00705,23,Afternoon,SKU_292,427
ORD_00705,23,Afternoon,SKU_111,771
ORD_00705,23,Afternoon,SKU_028,1149
ORD_00705,23,Afternoon,SKU_122,1216
ORD_00706,7,Morning,SKU_481,1193
ORD_00706,7,Morning,SKU_324,577
ORD_00706,7,Morning,SKU_098,521
ORD_00706,7,Morning,SKU_255,150
ORD_00706,7,Morning,SKU_215,318
ORD_00706,7,Morning,SKU_442,339
ORD_00707,5,Morning,SKU_122,730
ORD_00707,5,Morning,SKU_067,1218
ORD_00708,22,Afternoon,SKU_131,289
ORD_00708,22,Afternoon,SKU_426,135
ORD_00708,22,Afternoon,SKU_200,623
ORD_00708,22,Afternoon,SKU_324,205
ORD_00708,22,Afternoon,SKU_079,782
ORD_00708,22,Afternoon,SKU_445,757
ORD_00709,5,Morning,SKU_490,397
ORD_00709,5,Morning,SKU_141,1358
ORD_00709,5,Morning,SKU_338,603
ORD_00709,5,Morning,SKU_056,92
ORD_00709,5,Morning,SKU_476,1352
ORD_00710,24,Morning,SKU_481,1402
ORD_00711,11,Afternoon,SKU_352,297
ORD_00711,11,Afternoon,SKU_327,600
ORD_00711,11,Afternoon,SKU_374,562
ORD_00711,11,Afternoon,SKU_473,121
ORD_00711,11,Afternoon,SKU_341,485
ORD_00711,11,Afternoon,SKU_243,329
ORD_00712,8,Morning,SKU_125,418
ORD_00712,8,Morning,SKU_405,117
ORD_00712,8,Morning,SKU_066,881
ORD_00712,8,Morning,SKU_375,489
ORD_00712,8,Morning,SKU_394,396
ORD_00713,28,Afternoon,SKU_028,1011
ORD_00713,28,Afternoon,SKU_027,443
ORD_00713,28,Afternoon,SKU_093,469
ORD_00713,28,Afternoon,SKU_425,398
ORD_00713,28,Afternoon,SKU_175,26
ORD_00714,6,Morning,SKU_244,1200
ORD_00714,6,Morning,SKU_495,675
ORD_00714,6,Morning,SKU_093,651
ORD_00714,6,Morning,SKU_461,315
ORD_00715,11,Morning,SKU_297,338
ORD_00715,11,Morning,SKU_358,208
ORD_00716,16,Afternoon,SKU_270,534
ORD_00716,16,Afternoon,SKU_384,328
ORD_00716,16,Afternoon,SKU_168,638
ORD_00716,16,Afternoon,SKU_309,482
ORD_00717,25,Afternoon,SKU_263,499
ORD_00717,25,Afternoon,SKU_085,651
ORD_00717,25,Afternoon,SKU_187,264
ORD_00717,25,Afternoon,SKU_146,303
ORD_00717,25,Afternoon,SKU_129,83
ORD_00717,25,Afternoon,SKU_144,582
ORD_00717,25,Afternoon,SKU_264,60
ORD_00718,24,Afternoon,SKU_312,283
ORD_00718,24,Afternoon,SKU_111,631
ORD_00718,24,Afternoon,SKU_018,353
ORD_00718,24,Afternoon,SKU_380,168
ORD_00718,24,Afternoon,SKU_374,389
ORD_00718,24,Afternoon,SKU_284,836
ORD_00719,29,Afternoon,SKU_008,276
ORD_00719,29,Afternoon,SKU_028,1448
ORD_00719,29,Afternoon,SKU_122,1064
ORD_00719,29,Afternoon,SKU_093,95
ORD_00719,29,Afternoon,SKU_109,743
ORD_00720,10,Morning,SKU_312,859
ORD_00720,10,Morning,SKU_264,453
ORD_00720,10,Morning,SKU_130,484
ORD_00720,10,Morning,SKU_223,379
ORD_00720,10,Morning,SKU_159,792
ORD_00721,30,Morning,SKU_279,605
ORD_00722,6,Morning,SKU_335,439
ORD_00722,6,Morning,SKU_448,153
ORD_00722,6,Morning,SKU_068,481
ORD_00722,6,Morning,SKU_236,693
ORD_00722,6,Morning,SKU_408,368
ORD_00723,12,Morning,SKU_037,915
ORD_00723,12,Morning,SKU_255,1163
ORD_00723,12,Morning,SKU_225,373
ORD_00723,12,Morning,SKU_335,263
ORD_00724,1,Afternoon,SKU_404,613
ORD_00724,1,Afternoon,SKU_281,1152
ORD_00724,1,Afternoon,SKU_014,285
ORD_00724,1,Afternoon,SKU_118,216
ORD_00724,1,Afternoon,SKU_352,479
ORD_00725,5,Afternoon,SKU_425,432
ORD_00725,5,Afternoon,SKU_107,373
ORD_00725,5,Afternoon,SKU_040,443
ORD_00725,5,Afternoon,SKU_375,683
ORD_00725,5,Afternoon,SKU_331,431
ORD_00726,3,Afternoon,SKU_272,309
ORD_00726,3,Afternoon,SKU_023,781
ORD_00726,3,Afternoon,SKU_409,321
ORD_00726,3,Afternoon,SKU_270,417
ORD_00726,3,Afternoon,SKU_353,236
ORD_00726,3,Afternoon,SKU_481,536
ORD_00727,25,Morning,SKU_008,323
ORD_00727,25,Morning,SKU_010,369
ORD_00727,25,Morning,SKU_484,172
ORD_00727,25,Morning,SKU_384,680
ORD_00727,25,Morning,SKU_425,492
ORD_00727,25,Morning,SKU_080,165
ORD_00728,18,Afternoon,SKU_384,338
ORD_00728,18,Afternoon,SKU_459,984
ORD_00728,18,Afternoon,SKU_040,304
ORD_00728,18,Afternoon,SKU_108,585
ORD_00728,18,Afternoon,SKU_156,69
ORD_00728,18,Afternoon,SKU_189,928
ORD_00729,25,Afternoon,SKU_347,677
ORD_00729,25,Afternoon,SKU_343,602
ORD_00729,25,Afternoon,SKU_204,72
ORD_00729,25,Afternoon,SKU_027,337
ORD_00729,25,Afternoon,SKU_189,682
ORD_00730,14,Morning,SKU_318,156
ORD_00730,14,Morning,SKU_329,69
ORD_00730,14,Morning,SKU_066,1112
ORD_00730,14,Morning,SKU_350,359
ORD_00730,14,Morning,SKU_225,300
ORD_00730,14,Morning,SKU_481,205
ORD_00730,14,Morning,SKU_442,131
ORD_00731,7,Morning,SKU_159,833
ORD_00732,20,Afternoon,SKU_056,70
ORD_00732,20,Afternoon,SKU_187,95
ORD_00732,20,Afternoon,SKU_384,797
ORD_00732,20,Afternoon,SKU_268,391
ORD_00732,20,Afternoon,SKU_013,155
ORD_00732,20,Afternoon,SKU_067,848
ORD_00732,20,Afternoon,SKU_115,512
ORD_00733,21,Morning,SKU_008,253
ORD_00733,21,Morning,SKU_082,381
ORD_00733,21,Morning,SKU_281,755
ORD_00733,21,Morning,SKU_111,659
ORD_00733,21,Morning,SKU_144,695
ORD_00733,21,Morning,SKU_373,497
ORD_00734,8,Morning,SKU_204,286
ORD_00734,8,Morning,SKU_279,968
ORD_00734,8,Morning,SKU_159,973
ORD_00734,8,Morning,SKU_342,297
ORD_00735,24,Morning,SKU_107,247
ORD_00735,24,Morning,SKU_115,584
ORD_00735,24,Morning,SKU_174,414
ORD_00735,24,Morning,SKU_484,635
ORD_00735,24,Morning,SKU_408,340
ORD_00736,11,Morning,SKU_400,767
ORD_00736,11,Morning,SKU_496,260
ORD_00736,11,Morning,SKU_042,253
ORD_00736,11,Morning,SKU_175,804
ORD_00736,11,Morning,SKU_441,317
ORD_00737,1,Afternoon,SKU_327,760
ORD_00737,1,Afternoon,SKU_048,886
ORD_00737,1,Afternoon,SKU_067,531
ORD_00737,1,Afternoon,SKU_384,766
ORD_00738,2,Morning,SKU_027,194
ORD_00738,2,Morning,SKU_256,522
ORD_00738,2,Morning,SKU_130,255
ORD_00738,2,Morning,SKU_384,214
ORD_00738,2,Morning,SKU_066,272
ORD_00738,2,Morning,SKU_291,703
ORD_00739,18,Morning,SKU_264,534
ORD_00739,18,Morning,SKU_093,589
ORD_00739,18,Morning,SKU_037,893
ORD_00739,18,Morning,SKU_130,232
ORD_00739,18,Morning,SKU_120,549
ORD_00740,3,Afternoon,SKU_027,334
ORD_00740,3,Afternoon,SKU_405,609
ORD_00740,3,Afternoon,SKU_122,1201
ORD_00740,3,Afternoon,SKU_369,343
ORD_00741,26,Afternoon,SKU_139,127
ORD_00741,26,Afternoon,SKU_129,272
ORD_00742,9,Morning,SKU_008,574
ORD_00742,9,Morning,SKU_290,720
ORD_00742,9,Morning,SKU_083,730
ORD_00742,9,Morning,SKU_227,388
ORD_00742,9,Morning,SKU_027,275
ORD_00743,19,Afternoon,SKU_092,856
ORD_00744,8,Afternoon,SKU_041,1119
ORD_00744,8,Afternoon,SKU_383,371
ORD_00745,30,Afternoon,SKU_158,1130
ORD_00745,30,Afternoon,SKU_352,163
ORD_00745,30,Afternoon,SKU_217,264
ORD_00745,30,Afternoon,SKU_204,483
ORD_00745,30,Afternoon,SKU_446,543
ORD_00746,10,Morning,SKU_327,434
ORD_00746,10,Morning,SKU_352,294
ORD_00746,10,Morning,SKU_130,681
ORD_00746,10,Morning,SKU_284,818
ORD_00746,10,Morning,SKU_129,365
ORD_00747,2,Morning,SKU_487,645
ORD_00747,2,Morning,SKU_205,246
ORD_00747,2,Morning,SKU_066,955
ORD_00748,30,Afternoon,SKU_256,142
ORD_00748,30,Afternoon,SKU_045,384
ORD_00748,30,Afternoon,SKU_324,664
ORD_00748,30,Afternoon,SKU_138,267
ORD_00748,30,Afternoon,SKU_131,257
ORD_00748,30,Afternoon,SKU_287,209
ORD_00748,30,Afternoon,SKU_469,312
ORD_00749,22,Morning,SKU_037,1006
ORD_00749,22,Morning,SKU_169,1014
ORD_00749,22,Morning,SKU_448,540
ORD_00749,22,Morning,SKU_079,301
ORD_00749,22,Morning,SKU_394,210
ORD_00750,4,Morning,SKU_416,319
ORD_00750,4,Morning,SKU_191,376
ORD_00750,4,Morning,SKU_159,254
ORD_00750,4,Morning,SKU_304,85
ORD_00750,4,Morning,SKU_497,209
ORD_00750,4,Morning,SKU_079,345
ORD_00750,4,Morning,SKU_402,411
ORD_00751,29,Morning,SKU_113,473
ORD_00752,3,Morning,SKU_089,1322
ORD_00752,3,Morning,SKU_069,913
ORD_00752,3,Morning,SKU_469,572
ORD_00752,3,Morning,SKU_255,1071
ORD_00753,28,Afternoon,SKU_187,647
ORD_00753,28,Afternoon,SKU_168,815
ORD_00753,28,Afternoon,SKU_280,736
ORD_00753,28,Afternoon,SKU_351,946
ORD_00754,6,Afternoon,SKU_373,104
ORD_00754,6,Afternoon,SKU_213,224
ORD_00754,6,Afternoon,SKU_409,326
ORD_00755,17,Morning,SKU_087,701
ORD_00755,17,Morning,SKU_168,286
ORD_00755,17,Morning,SKU_225,476
ORD_00755,17,Morning,SKU_398,462
ORD_00755,17,Morning,SKU_205,84
ORD_00755,17,Morning,SKU_372,264
ORD_00756,16,Morning,SKU_263,190
ORD_00756,16,Morning,SKU_433,484
ORD_00756,16,Morning,SKU_485,224
ORD_00756,16,Morning,SKU_105,146
ORD_00756,16,Morning,SKU_168,458
ORD_00756,16,Morning,SKU_255,720
ORD_00756,16,Morning,SKU_284,1004
ORD_00757,6,Afternoon,SKU_264,679
ORD_00757,6,Afternoon,SKU_399,352
ORD_00758,12,Morning,SKU_312,402
ORD_00758,12,Morning,SKU_383,150
ORD_00758,12,Morning,SKU_055,229
ORD_00758,12,Morning,SKU_384,193
ORD_00758,12,Morning,SKU_123,254
ORD_00758,12,Morning,SKU_449,121
ORD_00758,12,Morning,SKU_087,1128
ORD_00758,12,Morning,SKU_481,204
ORD_00759,21,Morning,SKU_027,454
ORD_00759,21,Morning,SKU_176,283
ORD_00759,21,Morning,SKU_445,589
ORD_00759,21,Morning,SKU_141,240
ORD_00759,21,Morning,SKU_473,522
ORD_00759,21,Morning,SKU_393,596
ORD_00760,16,Morning,SKU_369,87
ORD_00760,16,Morning,SKU_263,697
ORD_00760,16,Morning,SKU_185,277
ORD_00761,15,Morning,SKU_263,643
ORD_00761,15,Morning,SKU_423,332
ORD_00761,15,Morning,SKU_448,520
ORD_00762,12,Afternoon,SKU_178,116
ORD_00762,12,Afternoon,SKU_318,428
ORD_00762,12,Afternoon,SKU_259,531
ORD_00762,12,Afternoon,SKU_379,101
ORD_00762,12,Afternoon,SKU_473,74
ORD_00762,12,Afternoon,SKU_352,798
ORD_00762,12,Afternoon,SKU_476,1042
ORD_00763,12,Morning,SKU_122,310
ORD_00763,12,Morning,SKU_069,599
ORD_00763,12,Morning,SKU_067,453
ORD_00763,12,Morning,SKU_130,705
ORD_00763,12,Morning,SKU_192,189
ORD_00763,12,Morning,SKU_217,332
ORD_00763,12,Morning,SKU_168,758
ORD_00764,25,Afternoon,SKU_070,142
ORD_00764,25,Afternoon,SKU_027,59
ORD_00764,25,Afternoon,SKU_125,236
ORD_00765,28,Morning,SKU_046,587
ORD_00765,28,Morning,SKU_044,184
ORD_00765,28,Morning,SKU_122,1045
ORD_00766,7,Afternoon,SKU_204,99
ORD_00766,7,Afternoon,SKU_489,562
ORD_00767,10,Afternoon,SKU_040,220
ORD_00767,10,Afternoon,SKU_448,238
ORD_00767,10,Afternoon,SKU_293,267
ORD_00767,10,Afternoon,SKU_111,805
ORD_00767,10,Afternoon,SKU_115,94
ORD_00767,10,Afternoon,SKU_052,795
ORD_00767,10,Afternoon,SKU_327,104
ORD_00767,10,Afternoon,SKU_028,787
ORD_00768,6,Afternoon,SKU_285,266
ORD_00768,6,Afternoon,SKU_353,620
ORD_00768,6,Afternoon,SKU_462,1003
ORD_00768,6,Afternoon,SKU_125,53
ORD_00768,6,Afternoon,SKU_288,661
ORD_00768,6,Afternoon,SKU_476,701
ORD_00769,1,Afternoon,SKU_184,385
ORD_00769,1,Afternoon,SKU_386,392
ORD_00769,1,Afternoon,SKU_256,481
ORD_00770,7,Afternoon,SKU_024,432
ORD_00770,7,Afternoon,SKU_043,344
ORD_00771,28,Morning,SKU_485,193
ORD_00771,28,Morning,SKU_244,303
ORD_00771,28,Morning,SKU_064,528
ORD_00771,28,Morning,SKU_480,723
ORD_00771,28,Morning,SKU_159,335
ORD_00771,28,Morning,SKU_297,203
ORD_00772,8,Afternoon,SKU_005,700
ORD_00772,8,Afternoon,SKU_189,179
ORD_00772,8,Afternoon,SKU_322,492
ORD_00772,8,Afternoon,SKU_096,363
ORD_00772,8,Afternoon,SKU_481,1262
ORD_00772,8,Afternoon,SKU_192,451
ORD_00773,14,Morning,SKU_235,125
ORD_00773,14,Morning,SKU_490,596
ORD_00773,14,Morning,SKU_377,163
ORD_00774,15,Morning,SKU_396,253
ORD_00774,15,Morning,SKU_159,773
ORD_00774,15,Morning,SKU_217,1200
ORD_00774,15,Morning,SKU_111,782
ORD_00774,15,Morning,SKU_283,363
ORD_00775,11,Afternoon,SKU_205,464
ORD_00775,11,Afternoon,SKU_291,683
ORD_00775,11,Afternoon,SKU_176,874
ORD_00775,11,Afternoon,SKU_244,681
ORD_00776,12,Morning,SKU_250,1008
ORD_00776,12,Morning,SKU_456,844
ORD_00776,12,Morning,SKU_169,1044
ORD_00777,5,Afternoon,SKU_204,576
ORD_00777,5,Afternoon,SKU_441,302
ORD_00777,5,Afternoon,SKU_014,123
ORD_00777,5,Afternoon,SKU_327,333
ORD_00777,5,Afternoon,SKU_344,286
ORD_00777,5,Afternoon,SKU_271,393
ORD_00778,4,Morning,SKU_227,1235
ORD_00778,4,Morning,SKU_037,779
ORD_00778,4,Morning,SKU_449,507
ORD_00779,8,Afternoon,SKU_423,244
ORD_00779,8,Afternoon,SKU_015,116
ORD_00780,28,Afternoon,SKU_137,321
ORD_00780,28,Afternoon,SKU_378,321
ORD_00780,28,Afternoon,SKU_297,334
ORD_00780,28,Afternoon,SKU_187,163
ORD_00780,28,Afternoon,SKU_369,132
ORD_00780,28,Afternoon,SKU_181,343
ORD_00780,28,Afternoon,SKU_316,1005
ORD_00781,17,Morning,SKU_426,922
ORD_00781,17,Morning,SKU_447,1023
ORD_00781,17,Morning,SKU_195,140
ORD_00782,18,Morning,SKU_251,699
ORD_00782,18,Morning,SKU_051,742
ORD_00782,18,Morning,SKU_351,521
ORD_00782,18,Morning,SKU_033,465
ORD_00783,17,Afternoon,SKU_156,357
ORD_00783,17,Afternoon,SKU_312,981
ORD_00784,6,Morning,SKU_264,507
ORD_00784,6,Morning,SKU_027,338
ORD_00784,6,Morning,SKU_192,187
ORD_00784,6,Morning,SKU_497,463
ORD_00784,6,Morning,SKU_255,969
ORD_00785,7,Morning,SKU_484,875
ORD_00785,7,Morning,SKU_327,448
ORD_00785,7,Morning,SKU_052,382
ORD_00785,7,Morning,SKU_313,742
ORD_00785,7,Morning,SKU_376,185
ORD_00786,28,Afternoon,SKU_469,196
ORD_00786,28,Afternoon,SKU_205,220
ORD_00787,6,Afternoon,SKU_322,703
ORD_00787,6,Afternoon,SKU_388,300
ORD_00787,6,Afternoon,SKU_347,367
ORD_00788,15,Morning,SKU_125,228
ORD_00788,15,Morning,SKU_404,700
ORD_00788,15,Morning,SKU_324,308
ORD_00788,15,Morning,SKU_114,203
ORD_00788,15,Morning,SKU_433,846
ORD_00789,28,Morning,SKU_480,156
ORD_00789,28,Morning,SKU_079,487
ORD_00789,28,Morning,SKU_186,162
ORD_00789,28,Morning,SKU_500,1269
ORD_00789,28,Morning,SKU_255,1162
ORD_00790,3,Morning,SKU_447,354
ORD_00790,3,Morning,SKU_244,272
ORD_00790,3,Morning,SKU_189,920
ORD_00790,3,Morning,SKU_409,135
ORD_00790,3,Morning,SKU_251,124
ORD_00791,5,Morning,SKU_373,661
ORD_00791,5,Morning,SKU_028,731
ORD_00791,5,Morning,SKU_290,489
ORD_00791,5,Morning,SKU_243,591
ORD_00791,5,Morning,SKU_118,387
ORD_00792,21,Morning,SKU_376,53
ORD_00792,21,Morning,SKU_270,478
ORD_00793,1,Morning,SKU_490,920
ORD_00793,1,Morning,SKU_018,314
ORD_00793,1,Morning,SKU_087,654
ORD_00793,1,Morning,SKU_027,323
ORD_00793,1,Morning,SKU_311,926
ORD_00794,20,Morning,SKU_476,1004
ORD_00794,20,Morning,SKU_014,708
ORD_00794,20,Morning,SKU_083,625
ORD_00794,20,Morning,SKU_191,289
ORD_00795,20,Afternoon,SKU_488,745
ORD_00795,20,Afternoon,SKU_334,113
ORD_00795,20,Afternoon,SKU_174,285
ORD_00795,20,Afternoon,SKU_305,894
ORD_00796,11,Afternoon,SKU_388,570
ORD_00796,11,Afternoon,SKU_347,278
ORD_00796,11,Afternoon,SKU_111,889
ORD_00796,11,Afternoon,SKU_066,915
ORD_00796,11,Afternoon,SKU_089,1433
ORD_00797,5,Afternoon,SKU_217,250
ORD_00797,5,Afternoon,SKU_058,155
ORD_00797,5,Afternoon,SKU_487,567
ORD_00797,5,Afternoon,SKU_344,327
ORD_00797,5,Afternoon,SKU_014,523
ORD_00797,5,Afternoon,SKU_255,210
ORD_00798,8,Morning,SKU_250,260
ORD_00798,8,Morning,SKU_117,474
ORD_00799,23,Afternoon,SKU_497,436
ORD_00799,23,Afternoon,SKU_262,540
ORD_00799,23,Afternoon,SKU_255,901
ORD_00799,23,Afternoon,SKU_040,807
ORD_00800,15,Morning,SKU_156,222
ORD_00800,15,Morning,SKU_168,1041
ORD_00800,15,Morning,SKU_204,523
ORD_00800,15,Morning,SKU_223,372
ORD_00800,15,Morning,SKU_052,180
ORD_00801,3,Morning,SKU_050,433
ORD_00801,3,Morning,SKU_326,411
ORD_00801,3,Morning,SKU_304,315
ORD_00801,3,Morning,SKU_194,385
ORD_00802,28,Morning,SKU_392,702
ORD_00802,28,Morning,SKU_259,859
ORD_00802,28,Morning,SKU_290,1464
ORD_00802,28,Morning,SKU_092,339
ORD_00803,12,Morning,SKU_373,557
ORD_00803,12,Morning,SKU_236,1010
ORD_00803,12,Morning,SKU_156,124
ORD_00803,12,Morning,SKU_090,343
ORD_00803,12,Morning,SKU_120,1147
ORD_00804,6,Afternoon,SKU_328,695
ORD_00804,6,Afternoon,SKU_375,530
ORD_00805,19,Afternoon,SKU_038,490
ORD_00805,19,Afternoon,SKU_062,245
ORD_00805,19,Afternoon,SKU_388,289
ORD_00805,19,Afternoon,SKU_466,239
ORD_00805,19,Afternoon,SKU_021,378
ORD_00805,19,Afternoon,SKU_351,509
ORD_00806,5,Morning,SKU_282,152
ORD_00806,5,Morning,SKU_079,816
ORD_00806,5,Morning,SKU_072,333
ORD_00807,17,Morning,SKU_186,302
ORD_00807,17,Morning,SKU_075,595
ORD_00807,17,Morning,SKU_496,564
ORD_00807,17,Morning,SKU_322,388
ORD_00808,9,Morning,SKU_304,356
ORD_00808,9,Morning,SKU_186,407
ORD_00808,9,Morning,SKU_270,470
ORD_00808,9,Morning,SKU_205,345
ORD_00808,9,Morning,SKU_418,131
ORD_00808,9,Morning,SKU_235,378
ORD_00809,30,Afternoon,SKU_028,1140
ORD_00809,30,Afternoon,SKU_490,743
ORD_00809,30,Afternoon,SKU_372,334
ORD_00809,30,Afternoon,SKU_111,1112
ORD_00810,18,Afternoon,SKU_318,344
ORD_00810,18,Afternoon,SKU_353,1059
ORD_00810,18,Afternoon,SKU_162,1052
ORD_00810,18,Afternoon,SKU_259,681
ORD_00811,30,Afternoon,SKU_250,286
ORD_00811,30,Afternoon,SKU_433,618
ORD_00811,30,Afternoon,SKU_115,272
ORD_00811,30,Afternoon,SKU_192,287
ORD_00811,30,Afternoon,SKU_255,948
ORD_00811,30,Afternoon,SKU_497,360
ORD_00812,13,Afternoon,SKU_418,616
ORD_00812,13,Afternoon,SKU_374,213
ORD_00812,13,Afternoon,SKU_284,826
ORD_00812,13,Afternoon,SKU_017,469
ORD_00812,13,Afternoon,SKU_495,101
ORD_00812,13,Afternoon,SKU_331,471
ORD_00813,5,Afternoon,SKU_100,368
ORD_00813,5,Afternoon,SKU_140,135
ORD_00813,5,Afternoon,SKU_378,895
ORD_00813,5,Afternoon,SKU_156,86
ORD_00814,19,Afternoon,SKU_370,541
ORD_00814,19,Afternoon,SKU_122,844
ORD_00814,19,Afternoon,SKU_347,793
ORD_00814,19,Afternoon,SKU_092,144
ORD_00814,19,Afternoon,SKU_379,278
ORD_00814,19,Afternoon,SKU_263,223
ORD_00815,1,Morning,SKU_448,678
ORD_00816,28,Afternoon,SKU_168,445
ORD_00816,28,Afternoon,SKU_085,164
ORD_00816,28,Afternoon,SKU_490,450
ORD_00816,28,Afternoon,SKU_227,543
ORD_00816,28,Afternoon,SKU_007,620
ORD_00816,28,Afternoon,SKU_052,808
ORD_00817,14,Morning,SKU_227,573
ORD_00817,14,Morning,SKU_351,992
ORD_00817,14,Morning,SKU_374,103
ORD_00818,30,Afternoon,SKU_276,677
ORD_00818,30,Afternoon,SKU_080,276
ORD_00818,30,Afternoon,SKU_341,826
ORD_00818,30,Afternoon,SKU_029,673
ORD_00819,8,Morning,SKU_027,67
ORD_00819,8,Morning,SKU_115,554
ORD_00819,8,Morning,SKU_481,1290
ORD_00819,8,Morning,SKU_251,493
ORD_00820,8,Afternoon,SKU_082,886
ORD_00820,8,Afternoon,SKU_107,726
ORD_00820,8,Afternoon,SKU_415,532
ORD_00820,8,Afternoon,SKU_176,607
ORD_00821,25,Morning,SKU_256,279
ORD_00821,25,Morning,SKU_011,231
ORD_00821,25,Morning,SKU_020,159
ORD_00821,25,Morning,SKU_270,477
ORD_00821,25,Morning,SKU_490,626
ORD_00821,25,Morning,SKU_318,195
ORD_00822,30,Afternoon,SKU_431,139
ORD_00822,30,Afternoon,SKU_342,78
ORD_00822,30,Afternoon,SKU_463,354
ORD_00822,30,Afternoon,SKU_122,1023
ORD_00822,30,Afternoon,SKU_473,570
ORD_00823,2,Afternoon,SKU_488,151
ORD_00823,2,Afternoon,SKU_362,310
ORD_00823,2,Afternoon,SKU_485,226
ORD_00823,2,Afternoon,SKU_217,885
ORD_00823,2,Afternoon,SKU_418,586
ORD_00823,2,Afternoon,SKU_177,1336
ORD_00824,18,Afternoon,SKU_446,177
ORD_00824,18,Afternoon,SKU_460,325
ORD_00824,18,Afternoon,SKU_408,502
ORD_00824,18,Afternoon,SKU_066,1068
ORD_00824,18,Afternoon,SKU_380,217
ORD_00825,18,Afternoon,SKU_017,646
ORD_00825,18,Afternoon,SKU_270,227
ORD_00826,9,Afternoon,SKU_462,1058
ORD_00826,9,Afternoon,SKU_447,396
ORD_00826,9,Afternoon,SKU_234,517
ORD_00826,9,Afternoon,SKU_040,545
ORD_00826,9,Afternoon,SKU_404,639
ORD_00827,10,Afternoon,SKU_159,667
ORD_00828,24,Afternoon,SKU_461,193
ORD_00828,24,Afternoon,SKU_360,552
ORD_00828,24,Afternoon,SKU_201,587
ORD_00828,24,Afternoon,SKU_205,483
ORD_00828,24,Afternoon,SKU_347,57
ORD_00829,19,Morning,SKU_181,345
ORD_00829,19,Morning,SKU_381,449
ORD_00829,19,Morning,SKU_193,423
ORD_00830,1,Morning,SKU_486,795
ORD_00830,1,Morning,SKU_115,230
ORD_00830,1,Morning,SKU_019,458
ORD_00830,1,Morning,SKU_380,267
ORD_00830,1,Morning,SKU_324,255
ORD_00831,27,Afternoon,SKU_027,513
ORD_00831,27,Afternoon,SKU_116,283
ORD_00831,27,Afternoon,SKU_445,401
ORD_00831,27,Afternoon,SKU_460,181
ORD_00831,27,Afternoon,SKU_167,436
ORD_00831,27,Afternoon,SKU_187,303
ORD_00831,27,Afternoon,SKU_286,276
ORD_00832,23,Morning,SKU_288,429
ORD_00832,23,Morning,SKU_418,933
ORD_00832,23,Morning,SKU_192,538
ORD_00832,23,Morning,SKU_120,631
ORD_00832,23,Morning,SKU_174,316
ORD_00833,10,Afternoon,SKU_075,439
ORD_00833,10,Afternoon,SKU_195,213
ORD_00833,10,Afternoon,SKU_496,154
ORD_00833,10,Afternoon,SKU_229,183
ORD_00833,10,Afternoon,SKU_459,229
ORD_00833,10,Afternoon,SKU_462,532
ORD_00834,28,Morning,SKU_476,676
ORD_00834,28,Morning,SKU_159,386
ORD_00834,28,Morning,SKU_255,484
ORD_00834,28,Morning,SKU_379,645
ORD_00834,28,Morning,SKU_256,254
ORD_00834,28,Morning,SKU_087,867
ORD_00835,7,Morning,SKU_186,105
ORD_00835,7,Morning,SKU_100,87
ORD_00835,7,Morning,SKU_423,358
ORD_00835,7,Morning,SKU_441,664
ORD_00835,7,Morning,SKU_151,247
ORD_00836,14,Morning,SKU_478,483
ORD_00836,14,Morning,SKU_028,251
ORD_00836,14,Morning,SKU_466,347
ORD_00836,14,Morning,SKU_041,660
ORD_00836,14,Morning,SKU_490,684
ORD_00836,14,Morning,SKU_446,339
ORD_00837,19,Afternoon,SKU_255,463
ORD_00837,19,Afternoon,SKU_111,760
ORD_00837,19,Afternoon,SKU_093,629
ORD_00837,19,Afternoon,SKU_181,675
ORD_00837,19,Afternoon,SKU_244,219
ORD_00837,19,Afternoon,SKU_015,278
ORD_00838,8,Morning,SKU_280,292
ORD_00838,8,Morning,SKU_255,580
ORD_00838,8,Morning,SKU_046,142
ORD_00838,8,Morning,SKU_388,294
ORD_00838,8,Morning,SKU_369,345
ORD_00838,8,Morning,SKU_079,445
ORD_00838,8,Morning,SKU_293,143
ORD_00838,8,Morning,SKU_155,361
ORD_00839,4,Afternoon,SKU_052,775
ORD_00840,8,Afternoon,SKU_155,315
ORD_00840,8,Afternoon,SKU_262,158
ORD_00840,8,Afternoon,SKU_046,528
ORD_00840,8,Afternoon,SKU_243,244
ORD_00841,11,Afternoon,SKU_159,552
ORD_00841,11,Afternoon,SKU_151,82
ORD_00841,11,Afternoon,SKU_469,295
ORD_00841,11,Afternoon,SKU_125,168
ORD_00841,11,Afternoon,SKU_443,109
ORD_00841,11,Afternoon,SKU_377,574
ORD_00841,11,Afternoon,SKU_454,732
ORD_00842,9,Morning,SKU_279,312
ORD_00842,9,Morning,SKU_155,823
ORD_00842,9,Morning,SKU_489,157
ORD_00842,9,Morning,SKU_327,216
ORD_00842,9,Morning,SKU_105,748
ORD_00842,9,Morning,SKU_264,357
ORD_00842,9,Morning,SKU_375,205
ORD_00843,8,Afternoon,SKU_448,229
ORD_00843,8,Afternoon,SKU_121,221
ORD_00843,8,Afternoon,SKU_176,1026
ORD_00843,8,Afternoon,SKU_341,935
ORD_00843,8,Afternoon,SKU_235,653
ORD_00844,8,Morning,SKU_478,624
ORD_00844,8,Morning,SKU_052,493
ORD_00844,8,Morning,SKU_452,470
ORD_00844,8,Morning,SKU_442,356
ORD_00844,8,Morning,SKU_144,703
ORD_00845,26,Morning,SKU_116,930
ORD_00845,26,Morning,SKU_249,352
ORD_00845,26,Morning,SKU_408,531
ORD_00845,26,Morning,SKU_292,340
ORD_00846,9,Morning,SKU_093,213
ORD_00846,9,Morning,SKU_090,551
ORD_00846,9,Morning,SKU_459,179
ORD_00846,9,Morning,SKU_376,220
ORD_00846,9,Morning,SKU_038,445
ORD_00846,9,Morning,SKU_326,278
ORD_00846,9,Morning,SKU_083,198
ORD_00846,9,Morning,SKU_014,103
ORD_00847,3,Morning,SKU_041,1024
ORD_00847,3,Morning,SKU_409,354
ORD_00847,3,Morning,SKU_212,566
ORD_00847,3,Morning,SKU_192,334
ORD_00847,3,Morning,SKU_093,379
ORD_00848,6,Afternoon,SKU_221,412
ORD_00848,6,Afternoon,SKU_473,162
ORD_00848,6,Afternoon,SKU_377,376
ORD_00848,6,Afternoon,SKU_375,523
ORD_00848,6,Afternoon,SKU_447,929
ORD_00848,6,Afternoon,SKU_409,341
ORD_00849,28,Morning,SKU_324,557
ORD_00849,28,Morning,SKU_457,105
ORD_00849,28,Morning,SKU_393,450
ORD_00849,28,Morning,SKU_404,529
ORD_00849,28,Morning,SKU_220,171
ORD_00849,28,Morning,SKU_352,700
ORD_00850,26,Afternoon,SKU_376,175
ORD_00850,26,Afternoon,SKU_272,464
ORD_00850,26,Afternoon,SKU_493,456
ORD_00850,26,Afternoon,SKU_409,447
ORD_00850,26,Afternoon,SKU_270,217
ORD_00851,29,Morning,SKU_418,401
ORD_00851,29,Morning,SKU_456,776
ORD_00851,29,Morning,SKU_312,773
ORD_00851,29,Morning,SKU_008,417
ORD_00852,25,Morning,SKU_284,921
ORD_00852,25,Morning,SKU_017,465
ORD_00852,25,Morning,SKU_298,728
ORD_00852,25,Morning,SKU_477,115
ORD_00853,2,Afternoon,SKU_351,983
ORD_00853,2,Afternoon,SKU_354,815
ORD_00853,2,Afternoon,SKU_260,340
ORD_00853,2,Afternoon,SKU_381,878
ORD_00854,4,Afternoon,SKU_445,738
ORD_00854,4,Afternoon,SKU_312,361
ORD_00854,4,Afternoon,SKU_400,206
ORD_00854,4,Afternoon,SKU_093,683
ORD_00854,4,Afternoon,SKU_137,469
ORD_00854,4,Afternoon,SKU_259,196
ORD_00855,16,Afternoon,SKU_376,99
ORD_00855,16,Afternoon,SKU_159,851
ORD_00855,16,Afternoon,SKU_210,343
ORD_00855,16,Afternoon,SKU_357,361
ORD_00855,16,Afternoon,SKU_316,188
ORD_00855,16,Afternoon,SKU_293,802
ORD_00856,24,Afternoon,SKU_108,127
ORD_00856,24,Afternoon,SKU_235,184
ORD_00856,24,Afternoon,SKU_017,488
ORD_00856,24,Afternoon,SKU_316,309
ORD_00856,24,Afternoon,SKU_312,722
ORD_00856,24,Afternoon,SKU_431,456
ORD_00856,24,Afternoon,SKU_469,576
ORD_00857,6,Morning,SKU_264,153
ORD_00857,6,Morning,SKU_052,597
ORD_00857,6,Morning,SKU_130,401
ORD_00857,6,Morning,SKU_454,300
ORD_00857,6,Morning,SKU_466,335
ORD_00857,6,Morning,SKU_121,467
ORD_00857,6,Morning,SKU_055,21
ORD_00858,16,Morning,SKU_351,997
ORD_00858,16,Morning,SKU_353,831
ORD_00858,16,Morning,SKU_087,1140
ORD_00858,16,Morning,SKU_037,230
ORD_00858,16,Morning,SKU_070,48
ORD_00859,6,Afternoon,SKU_120,663
ORD_00859,6,Afternoon,SKU_214,606
ORD_00859,6,Afternoon,SKU_009,899
ORD_00859,6,Afternoon,SKU_243,355
ORD_00860,12,Afternoon,SKU_350,413
ORD_00860,12,Afternoon,SKU_056,174
ORD_00860,12,Afternoon,SKU_406,681
ORD_00860,12,Afternoon,SKU_377,898
ORD_00861,20,Morning,SKU_406,112
ORD_00861,20,Morning,SKU_156,245
ORD_00861,20,Morning,SKU_122,400
ORD_00861,20,Morning,SKU_319,560
ORD_00861,20,Morning,SKU_206,647
ORD_00861,20,Morning,SKU_370,629
ORD_00862,26,Afternoon,SKU_354,313
ORD_00862,26,Afternoon,SKU_458,353
ORD_00862,26,Afternoon,SKU_488,226
ORD_00862,26,Afternoon,SKU_033,406
ORD_00862,26,Afternoon,SKU_331,117
ORD_00862,26,Afternoon,SKU_340,260
ORD_00862,26,Afternoon,SKU_070,255
ORD_00863,28,Morning,SKU_104,298
ORD_00863,28,Morning,SKU_375,652
ORD_00863,28,Morning,SKU_079,626
ORD_00863,28,Morning,SKU_334,224
ORD_00864,6,Afternoon,SKU_388,770
ORD_00864,6,Afternoon,SKU_481,413
ORD_00865,2,Afternoon,SKU_122,742
ORD_00866,30,Afternoon,SKU_100,165
ORD_00866,30,Afternoon,SKU_231,607
ORD_00866,30,Afternoon,SKU_156,383
ORD_00866,30,Afternoon,SKU_256,489
ORD_00867,18,Afternoon,SKU_279,196
ORD_00867,18,Afternoon,SKU_480,554
ORD_00867,18,Afternoon,SKU_089,1383
ORD_00867,18,Afternoon,SKU_236,284
ORD_00867,18,Afternoon,SKU_184,786
ORD_00868,24,Morning,SKU_378,752
ORD_00868,24,Morning,SKU_465,233
ORD_00868,24,Morning,SKU_142,633
ORD_00868,24,Morning,SKU_068,200
ORD_00868,24,Morning,SKU_379,778
ORD_00869,17,Morning,SKU_253,71
ORD_00869,17,Morning,SKU_212,616
ORD_00869,17,Morning,SKU_469,850
ORD_00870,24,Morning,SKU_223,596
ORD_00870,24,Morning,SKU_020,740
ORD_00870,24,Morning,SKU_038,647
ORD_00870,24,Morning,SKU_352,724
ORD_00871,17,Morning,SKU_193,664
ORD_00871,17,Morning,SKU_111,538
ORD_00871,17,Morning,SKU_144,954
ORD_00871,17,Morning,SKU_191,55
ORD_00872,18,Afternoon,SKU_409,515
ORD_00872,18,Afternoon,SKU_255,232
ORD_00873,29,Morning,SKU_278,427
ORD_00873,29,Morning,SKU_302,453
ORD_00873,29,Morning,SKU_318,351
ORD_00873,29,Morning,SKU_344,348
ORD_00873,29,Morning,SKU_093,177
ORD_00873,29,Morning,SKU_223,416
ORD_00874,6,Afternoon,SKU_270,176
ORD_00874,6,Afternoon,SKU_159,888
ORD_00874,6,Afternoon,SKU_176,550
ORD_00874,6,Afternoon,SKU_093,333
ORD_00875,14,Afternoon,SKU_062,566
ORD_00875,14,Afternoon,SKU_160,414
ORD_00875,14,Afternoon,SKU_463,200
ORD_00875,14,Afternoon,SKU_426,154
ORD_00876,23,Afternoon,SKU_259,725
ORD_00876,23,Afternoon,SKU_342,423
ORD_00876,23,Afternoon,SKU_079,432
ORD_00877,25,Afternoon,SKU_432,528
ORD_00878,24,Morning,SKU_304,309
ORD_00878,24,Morning,SKU_107,235
ORD_00878,24,Morning,SKU_172,407
ORD_00878,24,Morning,SKU_041,297
ORD_00878,24,Morning,SKU_191,184
ORD_00878,24,Morning,SKU_342,241
ORD_00878,24,Morning,SKU_225,238
ORD_00879,25,Morning,SKU_393,336
ORD_00879,25,Morning,SKU_431,682
ORD_00880,25,Morning,SKU_462,955
ORD_00880,25,Morning,SKU_460,182
ORD_00880,25,Morning,SKU_280,291
ORD_00880,25,Morning,SKU_475,273
ORD_00880,25,Morning,SKU_041,386
ORD_00880,25,Morning,SKU_456,155
ORD_00880,25,Morning,SKU_388,864
ORD_00881,13,Afternoon,SKU_189,141
ORD_00881,13,Afternoon,SKU_452,243
ORD_00881,13,Afternoon,SKU_212,854
ORD_00881,13,Afternoon,SKU_058,159
ORD_00881,13,Afternoon,SKU_353,355
ORD_00881,13,Afternoon,SKU_050,641
ORD_00881,13,Afternoon,SKU_484,131
ORD_00881,13,Afternoon,SKU_187,184
ORD_00882,7,Afternoon,SKU_433,887
ORD_00882,7,Afternoon,SKU_102,114
ORD_00882,7,Afternoon,SKU_076,609
ORD_00882,7,Afternoon,SKU_027,112
ORD_00882,7,Afternoon,SKU_251,537
ORD_00882,7,Afternoon,SKU_317,152
ORD_00883,11,Afternoon,SKU_318,376
ORD_00883,11,Afternoon,SKU_462,208
ORD_00883,11,Afternoon,SKU_151,625
ORD_00883,11,Afternoon,SKU_109,573
ORD_00883,11,Afternoon,SKU_248,597
ORD_00883,11,Afternoon,SKU_244,189
ORD_00884,23,Afternoon,SKU_093,735
ORD_00884,23,Afternoon,SKU_024,1348
ORD_00884,23,Afternoon,SKU_428,478
ORD_00885,21,Morning,SKU_168,506
ORD_00885,21,Morning,SKU_426,552
ORD_00885,21,Morning,SKU_083,552
ORD_00885,21,Morning,SKU_027,411
ORD_00885,21,Morning,SKU_058,137
ORD_00886,9,Morning,SKU_007,553
ORD_00886,9,Morning,SKU_229,99
ORD_00886,9,Morning,SKU_052,836
ORD_00886,9,Morning,SKU_308,1352
ORD_00886,9,Morning,SKU_079,488
ORD_00887,7,Morning,SKU_195,451
ORD_00887,7,Morning,SKU_441,209
ORD_00887,7,Morning,SKU_094,465
ORD_00887,7,Morning,SKU_360,89
ORD_00887,7,Morning,SKU_347,138
ORD_00887,7,Morning,SKU_226,237
ORD_00887,7,Morning,SKU_105,324
ORD_00888,1,Afternoon,SKU_259,143
ORD_00888,1,Afternoon,SKU_486,690
ORD_00888,1,Afternoon,SKU_462,795
ORD_00888,1,Afternoon,SKU_423,194
ORD_00888,1,Afternoon,SKU_350,361
ORD_00888,1,Afternoon,SKU_144,328
ORD_00889,8,Morning,SKU_497,567
ORD_00889,8,Morning,SKU_305,950
ORD_00889,8,Morning,SKU_093,473
ORD_00889,8,Morning,SKU_465,140
ORD_00890,12,Afternoon,SKU_251,353
ORD_00890,12,Afternoon,SKU_001,115
ORD_00890,12,Afternoon,SKU_006,797
ORD_00890,12,Afternoon,SKU_259,170
ORD_00890,12,Afternoon,SKU_131,446
ORD_00890,12,Afternoon,SKU_286,256
ORD_00890,12,Afternoon,SKU_490,263
ORD_00890,12,Afternoon,SKU_014,258
ORD_00891,10,Morning,SKU_272,131
ORD_00891,10,Morning,SKU_358,299
ORD_00891,10,Morning,SKU_443,63
ORD_00892,28,Afternoon,SKU_047,291
ORD_00892,28,Afternoon,SKU_423,145
ORD_00892,28,Afternoon,SKU_156,261
ORD_00892,28,Afternoon,SKU_462,794
ORD_00892,28,Afternoon,SKU_354,542
ORD_00892,28,Afternoon,SKU_405,698
ORD_00893,5,Afternoon,SKU_129,247
ORD_00893,5,Afternoon,SKU_311,798
ORD_00893,5,Afternoon,SKU_326,296
ORD_00893,5,Afternoon,SKU_384,866
ORD_00893,5,Afternoon,SKU_187,467
ORD_00894,23,Afternoon,SKU_191,120
ORD_00894,23,Afternoon,SKU_423,323
ORD_00894,23,Afternoon,SKU_204,249
ORD_00894,23,Afternoon,SKU_347,557
ORD_00894,23,Afternoon,SKU_354,249
ORD_00895,15,Afternoon,SKU_481,852
ORD_00895,15,Afternoon,SKU_139,416
ORD_00895,15,Afternoon,SKU_463,526
ORD_00895,15,Afternoon,SKU_193,290
ORD_00896,17,Morning,SKU_279,503
ORD_00896,17,Morning,SKU_312,309
ORD_00896,17,Morning,SKU_386,237
ORD_00896,17,Morning,SKU_159,968
ORD_00896,17,Morning,SKU_314,265
ORD_00896,17,Morning,SKU_098,626
ORD_00897,11,Afternoon,SKU_408,189
ORD_00897,11,Afternoon,SKU_256,348
ORD_00897,11,Afternoon,SKU_286,679
ORD_00897,11,Afternoon,SKU_423,464
ORD_00897,11,Afternoon,SKU_480,428
ORD_00898,29,Afternoon,SKU_187,518
ORD_00898,29,Afternoon,SKU_476,978
ORD_00898,29,Afternoon,SKU_462,603
ORD_00898,29,Afternoon,SKU_125,439
ORD_00899,7,Morning,SKU_290,1197
ORD_00899,7,Morning,SKU_318,503
ORD_00900,7,Morning,SKU_251,634
ORD_00900,7,Morning,SKU_159,202
ORD_00900,7,Morning,SKU_082,251
ORD_00900,7,Morning,SKU_329,155
ORD_00900,7,Morning,SKU_225,227
ORD_00901,12,Afternoon,SKU_433,979
ORD_00902,29,Morning,SKU_409,502
ORD_00902,29,Morning,SKU_192,443
ORD_00902,29,Morning,SKU_028,495
ORD_00902,29,Morning,SKU_130,594
ORD_00902,29,Morning,SKU_312,303
ORD_00902,29,Morning,SKU_065,61
ORD_00903,14,Afternoon,SKU_329,167
ORD_00903,14,Afternoon,SKU_059,533
ORD_00903,14,Afternoon,SKU_327,259
ORD_00903,14,Afternoon,SKU_233,407
ORD_00904,21,Morning,SKU_144,567
ORD_00905,16,Morning,SKU_270,768
ORD_00905,16,Morning,SKU_480,349
ORD_00906,22,Afternoon,SKU_038,836
ORD_00906,22,Afternoon,SKU_331,318
ORD_00906,22,Afternoon,SKU_433,814
ORD_00906,22,Afternoon,SKU_326,277
ORD_00906,22,Afternoon,SKU_354,186
ORD_00907,16,Morning,SKU_400,250
ORD_00907,16,Morning,SKU_217,1130
ORD_00907,16,Morning,SKU_375,653
ORD_00907,16,Morning,SKU_304,482
ORD_00908,29,Morning,SKU_080,429
ORD_00908,29,Morning,SKU_041,666
ORD_00908,29,Morning,SKU_383,467
ORD_00908,29,Morning,SKU_046,530
ORD_00908,29,Morning,SKU_014,493
ORD_00909,6,Morning,SKU_116,268
ORD_00909,6,Morning,SKU_469,435
ORD_00909,6,Morning,SKU_017,570
ORD_00909,6,Morning,SKU_456,839
ORD_00909,6,Morning,SKU_100,195
ORD_00909,6,Morning,SKU_391,225
ORD_00910,14,Afternoon,SKU_227,433
ORD_00910,14,Afternoon,SKU_079,751
ORD_00910,14,Afternoon,SKU_052,211
ORD_00910,14,Afternoon,SKU_376,69
ORD_00910,14,Afternoon,SKU_293,711
ORD_00911,5,Afternoon,SKU_046,222
ORD_00911,5,Afternoon,SKU_315,188
ORD_00911,5,Afternoon,SKU_225,238
ORD_00911,5,Afternoon,SKU_040,278
ORD_00911,5,Afternoon,SKU_484,638
ORD_00911,5,Afternoon,SKU_298,969
ORD_00912,12,Afternoon,SKU_335,199
ORD_00912,12,Afternoon,SKU_298,1077
ORD_00913,18,Morning,SKU_469,560
ORD_00913,18,Morning,SKU_466,629
ORD_00913,18,Morning,SKU_041,770
ORD_00913,18,Morning,SKU_381,139
ORD_00913,18,Morning,SKU_122,864
ORD_00914,28,Morning,SKU_439,889
ORD_00914,28,Morning,SKU_015,140
ORD_00914,28,Morning,SKU_443,234
ORD_00914,28,Morning,SKU_144,304
ORD_00914,28,Morning,SKU_480,586
ORD_00915,4,Morning,SKU_380,340
ORD_00916,12,Morning,SKU_416,201
ORD_00916,12,Morning,SKU_039,434
ORD_00916,12,Morning,SKU_354,348
ORD_00916,12,Morning,SKU_331,421
ORD_00916,12,Morning,SKU_360,95
ORD_00916,12,Morning,SKU_154,221
ORD_00917,17,Afternoon,SKU_490,1101
ORD_00918,21,Afternoon,SKU_425,273
ORD_00918,21,Afternoon,SKU_468,174
ORD_00918,21,Afternoon,SKU_144,486
ORD_00918,21,Afternoon,SKU_087,1225
ORD_00918,21,Afternoon,SKU_134,1263
ORD_00919,8,Afternoon,SKU_374,384
ORD_00919,8,Afternoon,SKU_376,420
ORD_00919,8,Afternoon,SKU_167,398
ORD_00919,8,Afternoon,SKU_480,673
ORD_00919,8,Afternoon,SKU_244,667
ORD_00920,1,Afternoon,SKU_105,516
ORD_00920,1,Afternoon,SKU_010,473
ORD_00920,1,Afternoon,SKU_456,936
ORD_00920,1,Afternoon,SKU_040,97
ORD_00920,1,Afternoon,SKU_058,351
ORD_00921,27,Morning,SKU_041,835
ORD_00921,27,Morning,SKU_159,182
ORD_00921,27,Morning,SKU_363,138
ORD_00921,27,Morning,SKU_263,431
ORD_00921,27,Morning,SKU_008,401
ORD_00921,27,Morning,SKU_488,595
ORD_00922,25,Afternoon,SKU_223,442
ORD_00922,25,Afternoon,SKU_268,361
ORD_00922,25,Afternoon,SKU_425,546
ORD_00922,25,Afternoon,SKU_168,624
ORD_00922,25,Afternoon,SKU_477,559
ORD_00923,14,Morning,SKU_392,801
ORD_00924,20,Afternoon,SKU_079,818
ORD_00924,20,Afternoon,SKU_430,297
ORD_00924,20,Afternoon,SKU_046,159
ORD_00924,20,Afternoon,SKU_052,353
ORD_00924,20,Afternoon,SKU_092,872
ORD_00924,20,Afternoon,SKU_347,279
ORD_00925,17,Afternoon,SKU_462,585
ORD_00925,17,Afternoon,SKU_168,543
ORD_00925,17,Afternoon,SKU_058,108
ORD_00925,17,Afternoon,SKU_491,176
ORD_00925,17,Afternoon,SKU_195,326
ORD_00925,17,Afternoon,SKU_408,222
ORD_00925,17,Afternoon,SKU_327,288
ORD_00926,2,Morning,SKU_082,336
ORD_00926,2,Morning,SKU_118,210
ORD_00926,2,Morning,SKU_331,116
ORD_00926,2,Morning,SKU_288,467
ORD_00926,2,Morning,SKU_329,273
ORD_00926,2,Morning,SKU_225,50
ORD_00926,2,Morning,SKU_021,356
ORD_00926,2,Morning,SKU_205,426
ORD_00927,8,Morning,SKU_094,793
ORD_00927,8,Morning,SKU_195,503
ORD_00927,8,Morning,SKU_090,289
ORD_00927,8,Morning,SKU_122,1311
ORD_00928,22,Afternoon,SKU_284,491
ORD_00928,22,Afternoon,SKU_360,599
ORD_00928,22,Afternoon,SKU_376,164
ORD_00928,22,Afternoon,SKU_379,420
ORD_00929,26,Afternoon,SKU_052,798
ORD_00929,26,Afternoon,SKU_094,952
ORD_00929,26,Afternoon,SKU_100,143
ORD_00929,26,Afternoon,SKU_381,590
ORD_00929,26,Afternoon,SKU_144,285
ORD_00930,17,Afternoon,SKU_254,186
ORD_00930,17,Afternoon,SKU_104,568
ORD_00931,28,Afternoon,SKU_092,752
ORD_00931,28,Afternoon,SKU_335,351
ORD_00931,28,Afternoon,SKU_175,269
ORD_00931,28,Afternoon,SKU_169,1194
ORD_00931,28,Afternoon,SKU_425,159
ORD_00931,28,Afternoon,SKU_027,101
ORD_00932,3,Afternoon,SKU_258,562
ORD_00932,3,Afternoon,SKU_409,105
ORD_00932,3,Afternoon,SKU_469,302
ORD_00932,3,Afternoon,SKU_271,187
ORD_00933,1,Morning,SKU_322,514
ORD_00933,1,Morning,SKU_483,863
ORD_00933,1,Morning,SKU_316,475
ORD_00933,1,Morning,SKU_144,479
ORD_00933,1,Morning,SKU_329,283
ORD_00933,1,Morning,SKU_117,88
ORD_00934,26,Morning,SKU_466,346
ORD_00935,17,Morning,SKU_130,413
ORD_00936,13,Morning,SKU_197,326
ORD_00936,13,Morning,SKU_104,171
ORD_00937,17,Morning,SKU_084,471
ORD_00937,17,Morning,SKU_254,772
ORD_00937,17,Morning,SKU_460,504
ORD_00937,17,Morning,SKU_176,612
ORD_00937,17,Morning,SKU_423,340
ORD_00938,13,Morning,SKU_352,637
ORD_00938,13,Morning,SKU_084,464
ORD_00938,13,Morning,SKU_040,363
ORD_00938,13,Morning,SKU_087,192
ORD_00938,13,Morning,SKU_286,342
ORD_00938,13,Morning,SKU_250,1410
ORD_00939,1,Afternoon,SKU_238,294
ORD_00939,1,Afternoon,SKU_103,605
ORD_00939,1,Afternoon,SKU_408,212
ORD_00939,1,Afternoon,SKU_477,303
ORD_00939,1,Afternoon,SKU_336,776
ORD_00939,1,Afternoon,SKU_079,874
ORD_00940,7,Afternoon,SKU_383,568
ORD_00940,7,Afternoon,SKU_469,172
ORD_00940,7,Afternoon,SKU_460,708
ORD_00940,7,Afternoon,SKU_133,323
ORD_00940,7,Afternoon,SKU_223,800
ORD_00940,7,Afternoon,SKU_184,35
ORD_00941,26,Morning,SKU_008,177
ORD_00941,26,Morning,SKU_460,528
ORD_00941,26,Morning,SKU_369,411
ORD_00942,6,Morning,SKU_258,711
ORD_00942,6,Morning,SKU_480,492
ORD_00942,6,Morning,SKU_353,427
ORD_00942,6,Morning,SKU_369,83
ORD_00942,6,Morning,SKU_495,306
ORD_00942,6,Morning,SKU_159,850
ORD_00943,26,Afternoon,SKU_419,502
ORD_00943,26,Afternoon,SKU_405,785
ORD_00943,26,Afternoon,SKU_329,230
ORD_00944,15,Morning,SKU_489,219
ORD_00944,15,Morning,SKU_211,178
ORD_00944,15,Morning,SKU_087,780
ORD_00944,15,Morning,SKU_344,448
ORD_00945,2,Afternoon,SKU_376,187
ORD_00945,2,Afternoon,SKU_241,95
ORD_00945,2,Afternoon,SKU_001,649
ORD_00945,2,Afternoon,SKU_304,665
ORD_00945,2,Afternoon,SKU_129,87
ORD_00945,2,Afternoon,SKU_121,451
ORD_00946,27,Morning,SKU_192,335
ORD_00946,27,Morning,SKU_160,951
ORD_00946,27,Morning,SKU_478,591
ORD_00946,27,Morning,SKU_014,608
ORD_00946,27,Morning,SKU_476,227
ORD_00947,21,Afternoon,SKU_018,361
ORD_00947,21,Afternoon,SKU_084,278
ORD_00947,21,Afternoon,SKU_415,750
ORD_00947,21,Afternoon,SKU_487,103
ORD_00947,21,Afternoon,SKU_264,475
ORD_00948,11,Afternoon,SKU_034,577
ORD_00948,11,Afternoon,SKU_280,765
ORD_00948,11,Afternoon,SKU_075,267
ORD_00948,11,Afternoon,SKU_070,178
ORD_00948,11,Afternoon,SKU_040,274
ORD_00949,2,Afternoon,SKU_418,492
ORD_00949,2,Afternoon,SKU_058,275
ORD_00949,2,Afternoon,SKU_037,177
ORD_00949,2,Afternoon,SKU_304,415
ORD_00949,2,Afternoon,SKU_469,816
ORD_00949,2,Afternoon,SKU_066,645
ORD_00950,30,Morning,SKU_129,316
ORD_00950,30,Morning,SKU_133,515
ORD_00950,30,Morning,SKU_083,478
ORD_00950,30,Morning,SKU_186,204
ORD_00950,30,Morning,SKU_192,545
ORD_00951,29,Afternoon,SKU_034,281
ORD_00951,29,Afternoon,SKU_093,378
ORD_00951,29,Afternoon,SKU_424,649
ORD_00951,29,Afternoon,SKU_405,705
ORD_00951,29,Afternoon,SKU_490,567
ORD_00952,20,Afternoon,SKU_105,535
ORD_00952,20,Afternoon,SKU_205,462
ORD_00952,20,Afternoon,SKU_060,723
ORD_00952,20,Afternoon,SKU_299,197
ORD_00952,20,Afternoon,SKU_335,130
ORD_00952,20,Afternoon,SKU_264,243
ORD_00952,20,Afternoon,SKU_344,86
ORD_00953,14,Morning,SKU_284,598
ORD_00953,14,Morning,SKU_081,223
ORD_00953,14,Morning,SKU_010,538
ORD_00953,14,Morning,SKU_255,984
ORD_00953,14,Morning,SKU_335,166
ORD_00953,14,Morning,SKU_162,48
ORD_00954,17,Morning,SKU_256,335
ORD_00955,5,Afternoon,SKU_304,110
ORD_00955,5,Afternoon,SKU_316,851
ORD_00955,5,Afternoon,SKU_111,857
ORD_00955,5,Afternoon,SKU_100,349
ORD_00955,5,Afternoon,SKU_140,354
ORD_00955,5,Afternoon,SKU_286,275
ORD_00956,27,Morning,SKU_048,795
ORD_00956,27,Morning,SKU_459,1218
ORD_00956,27,Morning,SKU_001,672
ORD_00956,27,Morning,SKU_080,816
ORD_00957,14,Morning,SKU_168,130
ORD_00957,14,Morning,SKU_093,509
ORD_00958,25,Afternoon,SKU_080,167
ORD_00958,25,Afternoon,SKU_083,287
ORD_00958,25,Afternoon,SKU_497,778
ORD_00959,13,Morning,SKU_205,395
ORD_00959,13,Morning,SKU_476,496
ORD_00959,13,Morning,SKU_089,861
ORD_00959,13,Morning,SKU_001,643
ORD_00959,13,Morning,SKU_041,493
ORD_00959,13,Morning,SKU_063,206
ORD_00960,17,Morning,SKU_011,438
ORD_00960,17,Morning,SKU_017,518
ORD_00960,17,Morning,SKU_317,436
ORD_00960,17,Morning,SKU_201,323
ORD_00960,17,Morning,SKU_024,628
ORD_00961,19,Afternoon,SKU_378,800
ORD_00961,19,Afternoon,SKU_244,156
ORD_00961,19,Afternoon,SKU_473,454
ORD_00961,19,Afternoon,SKU_111,574
ORD_00961,19,Afternoon,SKU_441,320
ORD_00961,19,Afternoon,SKU_250,695
ORD_00962,2,Afternoon,SKU_468,214
ORD_00962,2,Afternoon,SKU_311,1327
ORD_00962,2,Afternoon,SKU_259,137
ORD_00962,2,Afternoon,SKU_131,199
ORD_00963,13,Morning,SKU_304,111
ORD_00963,13,Morning,SKU_329,199
ORD_00964,5,Morning,SKU_070,565
ORD_00964,5,Morning,SKU_286,661
ORD_00964,5,Morning,SKU_100,274
ORD_00964,5,Morning,SKU_311,214
ORD_00964,5,Morning,SKU_192,132
ORD_00964,5,Morning,SKU_305,707
ORD_00965,24,Afternoon,SKU_351,993
ORD_00965,24,Afternoon,SKU_141,197
ORD_00965,24,Afternoon,SKU_213,608
ORD_00965,24,Afternoon,SKU_150,167
ORD_00965,24,Afternoon,SKU_203,324
ORD_00965,24,Afternoon,SKU_105,428
ORD_00966,21,Afternoon,SKU_015,178
ORD_00966,21,Afternoon,SKU_384,337
ORD_00967,20,Afternoon,SKU_358,374
ORD_00967,20,Afternoon,SKU_244,355
ORD_00968,4,Afternoon,SKU_014,302
ORD_00968,4,Afternoon,SKU_120,388
ORD_00969,12,Afternoon,SKU_018,557
ORD_00969,12,Afternoon,SKU_351,658
ORD_00969,12,Afternoon,SKU_352,237
ORD_00969,12,Afternoon,SKU_272,134
ORD_00969,12,Afternoon,SKU_462,727
ORD_00969,12,Afternoon,SKU_270,129
ORD_00969,12,Afternoon,SKU_463,285
ORD_00970,8,Afternoon,SKU_024,929
ORD_00971,3,Afternoon,SKU_311,976
ORD_00971,3,Afternoon,SKU_129,197
ORD_00971,3,Afternoon,SKU_244,1120
ORD_00971,3,Afternoon,SKU_251,261
ORD_00971,3,Afternoon,SKU_109,324
ORD_00971,3,Afternoon,SKU_037,555
ORD_00972,21,Afternoon,SKU_425,109
ORD_00972,21,Afternoon,SKU_131,323
ORD_00972,21,Afternoon,SKU_119,435
ORD_00972,21,Afternoon,SKU_312,684
ORD_00972,21,Afternoon,SKU_358,263
ORD_00972,21,Afternoon,SKU_008,246
ORD_00973,17,Afternoon,SKU_156,203
ORD_00973,17,Afternoon,SKU_135,386
ORD_00973,17,Afternoon,SKU_201,584
ORD_00973,17,Afternoon,SKU_327,820
ORD_00974,3,Morning,SKU_374,129
ORD_00974,3,Morning,SKU_294,810
ORD_00974,3,Morning,SKU_428,312
ORD_00974,3,Morning,SKU_153,422
ORD_00974,3,Morning,SKU_086,314
ORD_00974,3,Morning,SKU_169,506
ORD_00975,26,Afternoon,SKU_058,162
ORD_00975,26,Afternoon,SKU_168,567
ORD_00975,26,Afternoon,SKU_352,857
ORD_00975,26,Afternoon,SKU_205,489
ORD_00975,26,Afternoon,SKU_328,704
ORD_00976,29,Afternoon,SKU_412,300
ORD_00976,29,Afternoon,SKU_191,58
ORD_00976,29,Afternoon,SKU_384,481
ORD_00976,29,Afternoon,SKU_426,602
ORD_00976,29,Afternoon,SKU_378,723
ORD_00976,29,Afternoon,SKU_370,424
ORD_00976,29,Afternoon,SKU_144,148
ORD_00977,26,Afternoon,SKU_358,581
ORD_00977,26,Afternoon,SKU_168,435
ORD_00977,26,Afternoon,SKU_156,219
ORD_00977,26,Afternoon,SKU_353,984
ORD_00977,26,Afternoon,SKU_464,413
ORD_00977,26,Afternoon,SKU_331,89
ORD_00978,25,Afternoon,SKU_008,193
ORD_00978,25,Afternoon,SKU_082,679
ORD_00978,25,Afternoon,SKU_066,408
ORD_00978,25,Afternoon,SKU_370,429
ORD_00978,25,Afternoon,SKU_204,454
ORD_00978,25,Afternoon,SKU_108,247
ORD_00979,22,Morning,SKU_057,260
ORD_00979,22,Morning,SKU_155,919
ORD_00979,22,Morning,SKU_083,487
ORD_00979,22,Morning,SKU_195,365
ORD_00979,22,Morning,SKU_018,846
ORD_00980,10,Morning,SKU_360,489
ORD_00980,10,Morning,SKU_473,359
ORD_00980,10,Morning,SKU_204,283
ORD_00980,10,Morning,SKU_066,1063
ORD_00980,10,Morning,SKU_324,248
ORD_00981,17,Morning,SKU_327,469
ORD_00981,17,Morning,SKU_021,221
ORD_00981,17,Morning,SKU_129,132
ORD_00981,17,Morning,SKU_255,380
ORD_00981,17,Morning,SKU_157,408
ORD_00982,12,Morning,SKU_302,158
ORD_00982,12,Morning,SKU_425,415
ORD_00982,12,Morning,SKU_263,821
ORD_00982,12,Morning,SKU_015,216
ORD_00982,12,Morning,SKU_443,427
ORD_00983,9,Afternoon,SKU_272,409
ORD_00983,9,Afternoon,SKU_024,913
ORD_00983,9,Afternoon,SKU_448,713
ORD_00983,9,Afternoon,SKU_168,585
ORD_00984,7,Afternoon,SKU_487,635
ORD_00984,7,Afternoon,SKU_353,148
ORD_00984,7,Afternoon,SKU_052,652
ORD_00984,7,Afternoon,SKU_083,516
ORD_00984,7,Afternoon,SKU_316,912
ORD_00985,1,Morning,SKU_008,551
ORD_00985,1,Morning,SKU_089,593
ORD_00985,1,Morning,SKU_130,384
ORD_00985,1,Morning,SKU_150,474
ORD_00985,1,Morning,SKU_058,147
ORD_00985,1,Morning,SKU_408,134
ORD_00986,6,Morning,SKU_046,225
ORD_00986,6,Morning,SKU_353,379
ORD_00986,6,Morning,SKU_290,150
ORD_00986,6,Morning,SKU_255,289
ORD_00986,6,Morning,SKU_111,159
ORD_00986,6,Morning,SKU_375,298
ORD_00986,6,Morning,SKU_108,91
ORD_00987,30,Afternoon,SKU_028,875
ORD_00987,30,Afternoon,SKU_415,662
ORD_00987,30,Afternoon,SKU_027,154
ORD_00987,30,Afternoon,SKU_131,138
ORD_00987,30,Afternoon,SKU_297,180
ORD_00987,30,Afternoon,SKU_111,1037
ORD_00988,9,Morning,SKU_480,100
ORD_00988,9,Morning,SKU_487,627
ORD_00988,9,Morning,SKU_395,468
ORD_00988,9,Morning,SKU_408,218
ORD_00988,9,Morning,SKU_481,1512
ORD_00989,12,Morning,SKU_374,65
ORD_00989,12,Morning,SKU_430,655
ORD_00990,24,Afternoon,SKU_446,174
ORD_00990,24,Afternoon,SKU_027,268
ORD_00990,24,Afternoon,SKU_052,114
ORD_00990,24,Afternoon,SKU_120,1014
ORD_00990,24,Afternoon,SKU_319,398
ORD_00990,24,Afternoon,SKU_083,833
ORD_00991,12,Morning,SKU_184,101
ORD_00991,12,Morning,SKU_404,190
ORD_00991,12,Morning,SKU_151,572
ORD_00992,21,Afternoon,SKU_213,224
ORD_00992,21,Afternoon,SKU_042,134
ORD_00992,21,Afternoon,SKU_159,939
ORD_00992,21,Afternoon,SKU_363,418
ORD_00992,21,Afternoon,SKU_131,288
ORD_00992,21,Afternoon,SKU_295,445
ORD_00993,5,Afternoon,SKU_384,580
ORD_00993,5,Afternoon,SKU_213,287
ORD_00993,5,Afternoon,SKU_256,325
ORD_00993,5,Afternoon,SKU_013,652
ORD_00993,5,Afternoon,SKU_001,821
ORD_00994,2,Morning,SKU_105,153
ORD_00994,2,Morning,SKU_349,818
ORD_00994,2,Morning,SKU_477,95
ORD_00994,2,Morning,SKU_377,487
ORD_00994,2,Morning,SKU_254,147
ORD_00994,2,Morning,SKU_358,265
ORD_00994,2,Morning,SKU_093,701
ORD_00995,6,Morning,SKU_358,148
ORD_00995,6,Morning,SKU_248,660
ORD_00995,6,Morning,SKU_369,239
ORD_00995,6,Morning,SKU_066,225
ORD_00995,6,Morning,SKU_064,149
ORD_00995,6,Morning,SKU_367,704
ORD_00995,6,Morning,SKU_418,805
ORD_00996,29,Morning,SKU_256,63
ORD_00996,29,Morning,SKU_324,251
ORD_00996,29,Morning,SKU_329,468
ORD_00996,29,Morning,SKU_233,207
ORD_00996,29,Morning,SKU_223,749
ORD_00997,11,Morning,SKU_082,525
ORD_00997,11,Morning,SKU_264,406
ORD_00997,11,Morning,SKU_111,658
ORD_00997,11,Morning,SKU_305,352
ORD_00997,11,Morning,SKU_025,194
ORD_00997,11,Morning,SKU_375,272
ORD_00997,11,Morning,SKU_447,606
ORD_00998,10,Morning,SKU_481,695
ORD_00998,10,Morning,SKU_311,1230
ORD_00999,20,Afternoon,SKU_491,354
ORD_00999,20,Afternoon,SKU_366,971
ORD_00999,20,Afternoon,SKU_170,764
ORD_01000,18,Morning,SKU_223,771
ORD_01000,18,Morning,SKU_042,243
ORD_01000,18,Morning,SKU_414,288
ORD_01001,9,Afternoon,SKU_186,103
ORD_01001,9,Afternoon,SKU_320,778
ORD_01001,9,Afternoon,SKU_248,378
ORD_01001,9,Afternoon,SKU_442,501
ORD_01001,9,Afternoon,SKU_129,116
ORD_01001,9,Afternoon,SKU_384,778
ORD_01002,18,Morning,SKU_028,449
ORD_01002,18,Morning,SKU_488,396
ORD_01002,18,Morning,SKU_270,586
ORD_01002,18,Morning,SKU_059,239
ORD_01002,18,Morning,SKU_256,460
ORD_01002,18,Morning,SKU_050,583
ORD_01003,23,Morning,SKU_144,297
ORD_01003,23,Morning,SKU_255,977
ORD_01003,23,Morning,SKU_344,280
ORD_01003,23,Morning,SKU_379,706
ORD_01003,23,Morning,SKU_108,430
ORD_01004,16,Afternoon,SKU_050,378
ORD_01004,16,Afternoon,SKU_028,640
ORD_01004,16,Afternoon,SKU_244,1445
ORD_01004,16,Afternoon,SKU_111,1263
ORD_01004,16,Afternoon,SKU_374,141
ORD_01004,16,Afternoon,SKU_251,45
ORD_01005,12,Afternoon,SKU_011,397
ORD_01005,12,Afternoon,SKU_052,342
ORD_01005,12,Afternoon,SKU_335,357
ORD_01006,9,Morning,SKU_460,96
ORD_01006,9,Morning,SKU_416,400
ORD_01006,9,Morning,SKU_087,432
ORD_01006,9,Morning,SKU_487,210
ORD_01006,9,Morning,SKU_093,446
ORD_01007,29,Morning,SKU_153,197
ORD_01007,29,Morning,SKU_151,94
ORD_01007,29,Morning,SKU_484,857
ORD_01007,29,Morning,SKU_001,331
ORD_01007,29,Morning,SKU_497,266
ORD_01007,29,Morning,SKU_462,952
ORD_01008,25,Afternoon,SKU_297,349
ORD_01008,25,Afternoon,SKU_446,146
ORD_01008,25,Afternoon,SKU_093,533
ORD_01009,4,Afternoon,SKU_052,477
ORD_01009,4,Afternoon,SKU_493,450
ORD_01009,4,Afternoon,SKU_312,341
ORD_01009,4,Afternoon,SKU_375,547
ORD_01009,4,Afternoon,SKU_094,490
ORD_01009,4,Afternoon,SKU_225,39
ORD_01010,7,Afternoon,SKU_342,286
ORD_01010,7,Afternoon,SKU_084,1131
ORD_01010,7,Afternoon,SKU_122,1311
ORD_01010,7,Afternoon,SKU_052,612
ORD_01011,12,Afternoon,SKU_080,762
ORD_01011,12,Afternoon,SKU_198,628
ORD_01011,12,Afternoon,SKU_352,584
ORD_01011,12,Afternoon,SKU_341,414
ORD_01011,12,Afternoon,SKU_262,91
ORD_01011,12,Afternoon,SKU_151,169
ORD_01011,12,Afternoon,SKU_256,226
ORD_01012,25,Morning,SKU_029,222
ORD_01012,25,Morning,SKU_108,346
ORD_01012,25,Morning,SKU_195,210
ORD_01012,25,Morning,SKU_187,79
ORD_01013,15,Afternoon,SKU_420,835
ORD_01013,15,Afternoon,SKU_415,203
ORD_01014,8,Afternoon,SKU_305,797
ORD_01014,8,Afternoon,SKU_449,512
ORD_01014,8,Afternoon,SKU_320,335
ORD_01014,8,Afternoon,SKU_024,984
ORD_01015,24,Afternoon,SKU_418,263
ORD_01015,24,Afternoon,SKU_105,356
ORD_01015,24,Afternoon,SKU_120,531
ORD_01015,24,Afternoon,SKU_261,619
ORD_01015,24,Afternoon,SKU_335,334
ORD_01015,24,Afternoon,SKU_263,759
ORD_01016,27,Morning,SKU_313,806
ORD_01016,27,Morning,SKU_089,433
ORD_01017,4,Morning,SKU_318,217
ORD_01017,4,Morning,SKU_290,463
ORD_01018,23,Afternoon,SKU_052,574
ORD_01018,23,Afternoon,SKU_480,666
ORD_01018,23,Afternoon,SKU_264,217
ORD_01018,23,Afternoon,SKU_204,332
ORD_01018,23,Afternoon,SKU_308,321
ORD_01018,23,Afternoon,SKU_363,200
ORD_01018,23,Afternoon,SKU_406,83
ORD_01019,9,Morning,SKU_327,592
ORD_01019,9,Morning,SKU_462,1082
ORD_01019,9,Morning,SKU_153,429
ORD_01019,9,Morning,SKU_388,210
ORD_01020,11,Morning,SKU_256,327
ORD_01020,11,Morning,SKU_329,102
ORD_01020,11,Morning,SKU_308,1103
ORD_01020,11,Morning,SKU_327,885
ORD_01021,24,Morning,SKU_038,291
ORD_01021,24,Morning,SKU_223,737
ORD_01021,24,Morning,SKU_118,687
ORD_01021,24,Morning,SKU_074,638
ORD_01021,24,Morning,SKU_153,21
ORD_01022,6,Morning,SKU_298,1166
ORD_01022,6,Morning,SKU_066,850
ORD_01022,6,Morning,SKU_052,857
ORD_01022,6,Morning,SKU_065,282
ORD_01023,16,Morning,SKU_140,686
ORD_01023,16,Morning,SKU_288,250
ORD_01024,23,Afternoon,SKU_387,282
ORD_01024,23,Afternoon,SKU_352,576
ORD_01024,23,Afternoon,SKU_122,278
ORD_01024,23,Afternoon,SKU_214,454
ORD_01024,23,Afternoon,SKU_412,555
ORD_01024,23,Afternoon,SKU_011,448
ORD_01025,12,Morning,SKU_212,309
ORD_01025,12,Morning,SKU_205,412
ORD_01025,12,Morning,SKU_288,867
ORD_01025,12,Morning,SKU_360,373
ORD_01026,14,Afternoon,SKU_115,375
ORD_01026,14,Afternoon,SKU_433,424
ORD_01027,7,Afternoon,SKU_489,719
ORD_01027,7,Afternoon,SKU_462,406
ORD_01027,7,Afternoon,SKU_270,896
ORD_01027,7,Afternoon,SKU_111,162
ORD_01027,7,Afternoon,SKU_228,931
ORD_01028,4,Morning,SKU_027,213
ORD_01028,4,Morning,SKU_473,446
ORD_01028,4,Morning,SKU_188,416
ORD_01028,4,Morning,SKU_204,547
ORD_01028,4,Morning,SKU_037,187
ORD_01029,29,Afternoon,SKU_335,191
ORD_01029,29,Afternoon,SKU_258,397
ORD_01030,9,Morning,SKU_162,123
ORD_01030,9,Morning,SKU_085,827
ORD_01030,9,Morning,SKU_170,921
ORD_01030,9,Morning,SKU_028,740
ORD_01030,9,Morning,SKU_129,339
ORD_01031,6,Morning,SKU_360,628
ORD_01031,6,Morning,SKU_376,202
ORD_01031,6,Morning,SKU_418,803
ORD_01031,6,Morning,SKU_205,262
ORD_01031,6,Morning,SKU_255,633
ORD_01032,3,Morning,SKU_264,642
ORD_01032,3,Morning,SKU_448,744
ORD_01032,3,Morning,SKU_409,123
ORD_01032,3,Morning,SKU_111,321
ORD_01032,3,Morning,SKU_055,273
ORD_01033,4,Afternoon,SKU_466,223
ORD_01033,4,Afternoon,SKU_052,827
ORD_01033,4,Afternoon,SKU_354,727
ORD_01033,4,Afternoon,SKU_014,102
ORD_01033,4,Afternoon,SKU_360,492
ORD_01034,24,Morning,SKU_370,764
ORD_01034,24,Morning,SKU_354,586
ORD_01034,24,Morning,SKU_459,1189
ORD_01034,24,Morning,SKU_473,319
ORD_01035,7,Afternoon,SKU_446,159
ORD_01035,7,Afternoon,SKU_162,408
ORD_01035,7,Afternoon,SKU_082,921
ORD_01035,7,Afternoon,SKU_085,800
ORD_01035,7,Afternoon,SKU_058,321
ORD_01036,13,Afternoon,SKU_372,113
ORD_01036,13,Afternoon,SKU_205,220
ORD_01036,13,Afternoon,SKU_469,1013
ORD_01037,30,Afternoon,SKU_093,339
ORD_01037,30,Afternoon,SKU_210,431
ORD_01038,24,Afternoon,SKU_484,922
ORD_01038,24,Afternoon,SKU_324,890
ORD_01039,1,Afternoon,SKU_295,311
ORD_01039,1,Afternoon,SKU_046,336
ORD_01039,1,Afternoon,SKU_313,375
ORD_01039,1,Afternoon,SKU_460,292
ORD_01039,1,Afternoon,SKU_204,169
ORD_01039,1,Afternoon,SKU_290,368
ORD_01039,1,Afternoon,SKU_104,183
ORD_01039,1,Afternoon,SKU_243,429
ORD_01040,4,Afternoon,SKU_374,211
ORD_01040,4,Afternoon,SKU_360,296
ORD_01040,4,Afternoon,SKU_370,775
ORD_01041,18,Morning,SKU_384,139
ORD_01041,18,Morning,SKU_379,333
ORD_01041,18,Morning,SKU_205,166
ORD_01041,18,Morning,SKU_285,564
ORD_01041,18,Morning,SKU_476,149
ORD_01041,18,Morning,SKU_423,330
ORD_01041,18,Morning,SKU_187,677
ORD_01042,13,Afternoon,SKU_314,814
ORD_01042,13,Afternoon,SKU_201,73
ORD_01042,13,Afternoon,SKU_204,136
ORD_01042,13,Afternoon,SKU_297,301
ORD_01042,13,Afternoon,SKU_263,381
ORD_01043,18,Morning,SKU_373,856
ORD_01043,18,Morning,SKU_059,479
ORD_01043,18,Morning,SKU_108,441
ORD_01043,18,Morning,SKU_084,664
ORD_01043,18,Morning,SKU_496,196
ORD_01044,3,Afternoon,SKU_481,1534
ORD_01044,3,Afternoon,SKU_452,730
ORD_01044,3,Afternoon,SKU_256,148
ORD_01044,3,Afternoon,SKU_186,73
ORD_01044,3,Afternoon,SKU_380,74
ORD_01044,3,Afternoon,SKU_335,119
ORD_01044,3,Afternoon,SKU_017,441
ORD_01045,14,Morning,SKU_487,207
ORD_01045,14,Morning,SKU_041,1008
ORD_01045,14,Morning,SKU_335,229
ORD_01045,14,Morning,SKU_312,489
ORD_01045,14,Morning,SKU_375,385
ORD_01045,14,Morning,SKU_122,527
ORD_01046,22,Morning,SKU_329,143
ORD_01046,22,Morning,SKU_168,169
ORD_01046,22,Morning,SKU_256,138
ORD_01046,22,Morning,SKU_083,733
ORD_01047,3,Morning,SKU_496,570
ORD_01047,3,Morning,SKU_272,489
ORD_01047,3,Morning,SKU_425,528
ORD_01048,8,Afternoon,SKU_480,171
ORD_01048,8,Afternoon,SKU_442,488
ORD_01048,8,Afternoon,SKU_153,427
ORD_01048,8,Afternoon,SKU_477,273
ORD_01048,8,Afternoon,SKU_017,395
ORD_01049,15,Afternoon,SKU_343,701
ORD_01049,15,Afternoon,SKU_143,998
ORD_01049,15,Afternoon,SKU_079,799
ORD_01049,15,Afternoon,SKU_408,283
ORD_01049,15,Afternoon,SKU_374,19
ORD_01050,28,Afternoon,SKU_130,551
ORD_01050,28,Afternoon,SKU_447,377
ORD_01050,28,Afternoon,SKU_476,1269
ORD_01050,28,Afternoon,SKU_360,97
ORD_01050,28,Afternoon,SKU_120,996
ORD_01050,28,Afternoon,SKU_100,69
ORD_01051,12,Afternoon,SKU_446,83
ORD_01051,12,Afternoon,SKU_121,139
ORD_01051,12,Afternoon,SKU_056,387
ORD_01051,12,Afternoon,SKU_463,279
ORD_01051,12,Afternoon,SKU_304,711
ORD_01051,12,Afternoon,SKU_141,853
ORD_01052,1,Afternoon,SKU_312,744
ORD_01052,1,Afternoon,SKU_167,880
ORD_01052,1,Afternoon,SKU_151,277
ORD_01052,1,Afternoon,SKU_363,441
ORD_01053,20,Afternoon,SKU_111,710
ORD_01053,20,Afternoon,SKU_059,115
ORD_01054,13,Morning,SKU_080,323
ORD_01054,13,Morning,SKU_448,182
ORD_01054,13,Morning,SKU_388,822
ORD_01054,13,Morning,SKU_223,769
ORD_01055,30,Afternoon,SKU_380,202
ORD_01055,30,Afternoon,SKU_327,609
ORD_01055,30,Afternoon,SKU_462,205
ORD_01056,5,Morning,SKU_099,558
ORD_01056,5,Morning,SKU_006,1064
ORD_01056,5,Morning,SKU_324,716
ORD_01056,5,Morning,SKU_112,926
ORD_01057,15,Morning,SKU_060,649
ORD_01057,15,Morning,SKU_234,743
ORD_01058,27,Morning,SKU_089,722
ORD_01058,27,Morning,SKU_462,455
ORD_01058,27,Morning,SKU_017,328
ORD_01058,27,Morning,SKU_409,126
ORD_01058,27,Morning,SKU_014,524
ORD_01058,27,Morning,SKU_353,1062
ORD_01059,27,Afternoon,SKU_351,271
ORD_01059,27,Afternoon,SKU_445,791
ORD_01059,27,Afternoon,SKU_491,420
ORD_01059,27,Afternoon,SKU_156,259
ORD_01059,27,Afternoon,SKU_225,379
ORD_01059,27,Afternoon,SKU_069,430
ORD_01060,22,Afternoon,SKU_155,366
ORD_01060,22,Afternoon,SKU_270,120
ORD_01060,22,Afternoon,SKU_299,951
ORD_01060,22,Afternoon,SKU_154,368
ORD_01060,22,Afternoon,SKU_187,571
ORD_01060,22,Afternoon,SKU_497,446
ORD_01061,9,Afternoon,SKU_155,475
ORD_01061,9,Afternoon,SKU_204,491
ORD_01061,9,Afternoon,SKU_028,690
ORD_01061,9,Afternoon,SKU_425,524
ORD_01061,9,Afternoon,SKU_195,220
ORD_01062,30,Morning,SKU_046,315
ORD_01062,30,Morning,SKU_041,422
ORD_01062,30,Morning,SKU_452,829
ORD_01062,30,Morning,SKU_326,409
ORD_01062,30,Morning,SKU_014,616
ORD_01063,15,Morning,SKU_046,626
ORD_01063,15,Morning,SKU_445,590
ORD_01063,15,Morning,SKU_048,519
ORD_01063,15,Morning,SKU_394,130
ORD_01063,15,Morning,SKU_404,488
ORD_01063,15,Morning,SKU_344,191
ORD_01064,1,Morning,SKU_023,425
ORD_01064,1,Morning,SKU_187,128
ORD_01064,1,Morning,SKU_111,157
ORD_01064,1,Morning,SKU_445,609
ORD_01065,2,Afternoon,SKU_169,378
ORD_01065,2,Afternoon,SKU_069,923
ORD_01065,2,Afternoon,SKU_288,887
ORD_01065,2,Afternoon,SKU_404,332
ORD_01065,2,Afternoon,SKU_189,372
ORD_01066,24,Morning,SKU_373,357
ORD_01066,24,Morning,SKU_279,629
ORD_01067,23,Morning,SKU_133,1001
ORD_01067,23,Morning,SKU_375,688
ORD_01067,23,Morning,SKU_373,640
ORD_01067,23,Morning,SKU_341,416
ORD_01068,30,Afternoon,SKU_084,520
ORD_01068,30,Afternoon,SKU_010,235
ORD_01068,30,Afternoon,SKU_244,739
ORD_01068,30,Afternoon,SKU_028,1344
ORD_01068,30,Afternoon,SKU_037,221
ORD_01068,30,Afternoon,SKU_195,300
ORD_01069,27,Morning,SKU_315,287
ORD_01069,27,Morning,SKU_354,458
ORD_01069,27,Morning,SKU_195,262
ORD_01070,15,Morning,SKU_328,1224
ORD_01070,15,Morning,SKU_021,524
ORD_01070,15,Morning,SKU_354,290
ORD_01070,15,Morning,SKU_162,691
ORD_01071,4,Morning,SKU_114,221
ORD_01071,4,Morning,SKU_389,193
ORD_01071,4,Morning,SKU_297,513
ORD_01071,4,Morning,SKU_258,408
ORD_01071,4,Morning,SKU_144,470
ORD_01072,19,Afternoon,SKU_384,516
ORD_01073,12,Morning,SKU_358,358
ORD_01073,12,Morning,SKU_408,371
ORD_01074,14,Afternoon,SKU_093,666
ORD_01074,14,Afternoon,SKU_168,526
ORD_01074,14,Afternoon,SKU_153,58
ORD_01074,14,Afternoon,SKU_345,485
ORD_01074,14,Afternoon,SKU_376,469
ORD_01075,28,Afternoon,SKU_258,746
ORD_01075,28,Afternoon,SKU_410,182
ORD_01075,28,Afternoon,SKU_462,979
ORD_01076,22,Morning,SKU_151,493
ORD_01076,22,Morning,SKU_290,1057
ORD_01076,22,Morning,SKU_046,648
ORD_01076,22,Morning,SKU_403,318
ORD_01077,26,Morning,SKU_159,157
ORD_01077,26,Morning,SKU_144,449
ORD_01077,26,Morning,SKU_459,1111
ORD_01077,26,Morning,SKU_070,66
ORD_01077,26,Morning,SKU_225,478
ORD_01078,11,Afternoon,SKU_353,490
ORD_01078,11,Afternoon,SKU_495,700
ORD_01078,11,Afternoon,SKU_187,310
ORD_01078,11,Afternoon,SKU_230,240
ORD_01078,11,Afternoon,SKU_105,602
ORD_01079,10,Morning,SKU_001,213
ORD_01079,10,Morning,SKU_419,537
ORD_01079,10,Morning,SKU_360,482
ORD_01079,10,Morning,SKU_167,179
ORD_01079,10,Morning,SKU_367,495
ORD_01079,10,Morning,SKU_082,338
ORD_01079,10,Morning,SKU_159,406
ORD_01080,25,Afternoon,SKU_352,797
ORD_01080,25,Afternoon,SKU_248,849
ORD_01080,25,Afternoon,SKU_037,226
ORD_01080,25,Afternoon,SKU_256,520
ORD_01081,25,Afternoon,SKU_187,228
ORD_01081,25,Afternoon,SKU_248,622
ORD_01081,25,Afternoon,SKU_040,591
ORD_01081,25,Afternoon,SKU_108,121
ORD_01081,25,Afternoon,SKU_373,830
ORD_01081,25,Afternoon,SKU_249,164
ORD_01082,22,Afternoon,SKU_118,433
ORD_01082,22,Afternoon,SKU_159,561
ORD_01082,22,Afternoon,SKU_409,191
ORD_01082,22,Afternoon,SKU_331,357
ORD_01082,22,Afternoon,SKU_223,1040
ORD_01083,9,Morning,SKU_090,277
ORD_01083,9,Morning,SKU_374,219
ORD_01083,9,Morning,SKU_037,392
ORD_01083,9,Morning,SKU_284,168
ORD_01083,9,Morning,SKU_414,406
ORD_01084,7,Afternoon,SKU_066,648
ORD_01084,7,Afternoon,SKU_457,124
ORD_01084,7,Afternoon,SKU_418,676
ORD_01084,7,Afternoon,SKU_446,110
ORD_01084,7,Afternoon,SKU_433,331
ORD_01085,7,Afternoon,SKU_478,154
ORD_01085,7,Afternoon,SKU_223,803
ORD_01085,7,Afternoon,SKU_205,80
ORD_01085,7,Afternoon,SKU_017,628
ORD_01085,7,Afternoon,SKU_475,501
ORD_01086,30,Afternoon,SKU_123,145
ORD_01086,30,Afternoon,SKU_116,1040
ORD_01086,30,Afternoon,SKU_305,634
ORD_01086,30,Afternoon,SKU_404,263
ORD_01086,30,Afternoon,SKU_416,249
ORD_01086,30,Afternoon,SKU_041,291
ORD_01087,21,Afternoon,SKU_072,132
ORD_01087,21,Afternoon,SKU_159,688
ORD_01087,21,Afternoon,SKU_094,755
ORD_01087,21,Afternoon,SKU_047,1112
ORD_01087,21,Afternoon,SKU_015,178
ORD_01087,21,Afternoon,SKU_027,107
ORD_01088,28,Morning,SKU_038,182
ORD_01088,28,Morning,SKU_426,843
ORD_01088,28,Morning,SKU_447,853
ORD_01088,28,Morning,SKU_191,236
ORD_01088,28,Morning,SKU_466,594
ORD_01089,12,Afternoon,SKU_120,1126
ORD_01089,12,Afternoon,SKU_263,368
ORD_01090,23,Afternoon,SKU_281,1185
ORD_01090,23,Afternoon,SKU_349,586
ORD_01090,23,Afternoon,SKU_109,184
ORD_01090,23,Afternoon,SKU_418,354
ORD_01090,23,Afternoon,SKU_290,282
ORD_01090,23,Afternoon,SKU_181,410
ORD_01090,23,Afternoon,SKU_426,67
ORD_01091,26,Afternoon,SKU_100,97
ORD_01091,26,Afternoon,SKU_008,96
ORD_01091,26,Afternoon,SKU_418,996
ORD_01091,26,Afternoon,SKU_270,150
ORD_01091,26,Afternoon,SKU_481,660
ORD_01092,1,Morning,SKU_255,751
ORD_01092,1,Morning,SKU_107,491
ORD_01092,1,Morning,SKU_242,198
ORD_01092,1,Morning,SKU_487,381
ORD_01092,1,Morning,SKU_460,436
ORD_01092,1,Morning,SKU_433,122
ORD_01093,26,Afternoon,SKU_351,570
ORD_01093,26,Afternoon,SKU_191,343
ORD_01093,26,Afternoon,SKU_110,973
ORD_01093,26,Afternoon,SKU_060,584
ORD_01093,26,Afternoon,SKU_108,213
ORD_01094,1,Morning,SKU_374,80
ORD_01094,1,Morning,SKU_272,108
ORD_01094,1,Morning,SKU_367,327
ORD_01094,1,Morning,SKU_469,706
ORD_01094,1,Morning,SKU_177,410
ORD_01094,1,Morning,SKU_351,798
ORD_01094,1,Morning,SKU_354,705
ORD_01095,26,Afternoon,SKU_497,281
ORD_01095,26,Afternoon,SKU_487,454
ORD_01095,26,Afternoon,SKU_234,207
ORD_01095,26,Afternoon,SKU_478,170
ORD_01095,26,Afternoon,SKU_247,275
ORD_01095,26,Afternoon,SKU_347,104
ORD_01095,26,Afternoon,SKU_291,352
ORD_01095,26,Afternoon,SKU_353,974
ORD_01096,30,Morning,SKU_308,296
ORD_01096,30,Morning,SKU_151,550
ORD_01097,10,Morning,SKU_050,270
ORD_01097,10,Morning,SKU_168,1002
ORD_01098,2,Morning,SKU_374,420
ORD_01098,2,Morning,SKU_198,411
ORD_01099,28,Morning,SKU_405,584
ORD_01099,28,Morning,SKU_016,628
ORD_01099,28,Morning,SKU_367,360
ORD_01099,28,Morning,SKU_196,628
ORD_01099,28,Morning,SKU_374,362
ORD_01100,4,Morning,SKU_144,326
ORD_01100,4,Morning,SKU_244,554
ORD_01101,9,Afternoon,SKU_094,1001
ORD_01101,9,Afternoon,SKU_375,139
ORD_01101,9,Afternoon,SKU_008,423
ORD_01101,9,Afternoon,SKU_156,406
ORD_01101,9,Afternoon,SKU_326,180
ORD_01101,9,Afternoon,SKU_294,471
ORD_01102,3,Afternoon,SKU_342,320
ORD_01102,3,Afternoon,SKU_174,191
ORD_01102,3,Afternoon,SKU_235,282
ORD_01102,3,Afternoon,SKU_059,71
ORD_01102,3,Afternoon,SKU_423,335
ORD_01102,3,Afternoon,SKU_349,214
ORD_01102,3,Afternoon,SKU_069,654
ORD_01103,26,Afternoon,SKU_141,895
ORD_01103,26,Afternoon,SKU_058,357
ORD_01103,26,Afternoon,SKU_010,669
ORD_01103,26,Afternoon,SKU_360,288
ORD_01104,10,Morning,SKU_365,125
ORD_01104,10,Morning,SKU_481,1385
ORD_01104,10,Morning,SKU_037,635
ORD_01104,10,Morning,SKU_186,181
ORD_01104,10,Morning,SKU_079,519
ORD_01104,10,Morning,SKU_445,360
ORD_01105,12,Morning,SKU_425,423
ORD_01105,12,Morning,SKU_309,130
ORD_01105,12,Morning,SKU_488,200
ORD_01105,12,Morning,SKU_130,438
ORD_01105,12,Morning,SKU_122,713
ORD_01105,12,Morning,SKU_477,136
ORD_01106,21,Afternoon,SKU_286,868
ORD_01106,21,Afternoon,SKU_047,644
ORD_01106,21,Afternoon,SKU_120,449
ORD_01106,21,Afternoon,SKU_405,304
ORD_01106,21,Afternoon,SKU_425,317
ORD_01107,29,Morning,SKU_290,873
ORD_01107,29,Morning,SKU_305,816
ORD_01108,9,Morning,SKU_287,272
ORD_01108,9,Morning,SKU_376,220
ORD_01108,9,Morning,SKU_141,1507
ORD_01108,9,Morning,SKU_189,413
ORD_01108,9,Morning,SKU_341,547
ORD_01108,9,Morning,SKU_331,29
ORD_01109,14,Morning,SKU_478,104
ORD_01109,14,Morning,SKU_089,257
ORD_01109,14,Morning,SKU_131,204
ORD_01109,14,Morning,SKU_108,598
ORD_01109,14,Morning,SKU_318,606
ORD_01109,14,Morning,SKU_344,298
ORD_01109,14,Morning,SKU_083,125
ORD_01110,13,Afternoon,SKU_490,616
ORD_01111,11,Afternoon,SKU_433,199
ORD_01111,11,Afternoon,SKU_318,325
ORD_01111,11,Afternoon,SKU_207,263
ORD_01112,5,Morning,SKU_251,391
ORD_01113,17,Afternoon,SKU_143,588
ORD_01113,17,Afternoon,SKU_066,644
ORD_01113,17,Afternoon,SKU_115,453
ORD_01113,17,Afternoon,SKU_286,393
ORD_01113,17,Afternoon,SKU_169,532
ORD_01113,17,Afternoon,SKU_047,633
ORD_01114,3,Afternoon,SKU_445,1132
ORD_01115,20,Morning,SKU_448,403
ORD_01115,20,Morning,SKU_248,233
ORD_01115,20,Morning,SKU_244,623
ORD_01115,20,Morning,SKU_084,982
ORD_01115,20,Morning,SKU_225,147
ORD_01115,20,Morning,SKU_442,517
ORD_01116,27,Afternoon,SKU_047,1103
ORD_01116,27,Afternoon,SKU_082,775
ORD_01116,27,Afternoon,SKU_485,165
ORD_01116,27,Afternoon,SKU_100,127
ORD_01116,27,Afternoon,SKU_186,340
ORD_01117,2,Morning,SKU_021,137
ORD_01117,2,Morning,SKU_235,737
ORD_01117,2,Morning,SKU_213,245
ORD_01117,2,Morning,SKU_326,378
ORD_01118,1,Morning,SKU_108,392
ORD_01118,1,Morning,SKU_055,374
ORD_01118,1,Morning,SKU_135,56
ORD_01119,19,Morning,SKU_059,297
ORD_01119,19,Morning,SKU_255,153
ORD_01119,19,Morning,SKU_018,832
ORD_01119,19,Morning,SKU_342,131
ORD_01119,19,Morning,SKU_087,586
ORD_01120,4,Morning,SKU_460,513
ORD_01120,4,Morning,SKU_014,239
ORD_01120,4,Morning,SKU_051,479
ORD_01120,4,Morning,SKU_018,234
ORD_01120,4,Morning,SKU_415,189
ORD_01120,4,Morning,SKU_267,445
ORD_01120,4,Morning,SKU_042,326
ORD_01121,30,Afternoon,SKU_200,301
ORD_01121,30,Afternoon,SKU_187,413
ORD_01121,30,Afternoon,SKU_354,691
ORD_01121,30,Afternoon,SKU_090,343
ORD_01121,30,Afternoon,SKU_442,409
ORD_01122,11,Afternoon,SKU_311,1041
ORD_01122,11,Afternoon,SKU_139,398
ORD_01122,11,Afternoon,SKU_335,145
ORD_01122,11,Afternoon,SKU_381,848
ORD_01122,11,Afternoon,SKU_477,141
ORD_01123,13,Morning,SKU_046,466
ORD_01123,13,Morning,SKU_122,1147
ORD_01123,13,Morning,SKU_259,844
ORD_01124,18,Morning,SKU_241,709
ORD_01124,18,Morning,SKU_417,160
ORD_01124,18,Morning,SKU_465,353
ORD_01124,18,Morning,SKU_101,127
ORD_01124,18,Morning,SKU_006,414
ORD_01124,18,Morning,SKU_404,199
ORD_01124,18,Morning,SKU_153,117
ORD_01125,4,Afternoon,SKU_465,401
ORD_01125,4,Afternoon,SKU_248,273
ORD_01125,4,Afternoon,SKU_201,375
ORD_01125,4,Afternoon,SKU_337,1242
ORD_01125,4,Afternoon,SKU_288,899
ORD_01126,27,Morning,SKU_010,502
ORD_01126,27,Morning,SKU_169,914
ORD_01126,27,Morning,SKU_087,242
ORD_01126,27,Morning,SKU_195,88
ORD_01126,27,Morning,SKU_081,112
ORD_01126,27,Morning,SKU_270,679
ORD_01126,27,Morning,SKU_485,274
ORD_01127,7,Afternoon,SKU_098,603
ORD_01127,7,Afternoon,SKU_041,826
ORD_01127,7,Afternoon,SKU_114,345
ORD_01127,7,Afternoon,SKU_349,333
ORD_01127,7,Afternoon,SKU_452,596
ORD_01128,29,Morning,SKU_401,111
ORD_01128,29,Morning,SKU_481,1504
ORD_01129,29,Morning,SKU_162,471
ORD_01129,29,Morning,SKU_262,575
ORD_01129,29,Morning,SKU_433,744
ORD_01129,29,Morning,SKU_018,601
ORD_01129,29,Morning,SKU_156,454
ORD_01130,10,Afternoon,SKU_313,658
ORD_01130,10,Afternoon,SKU_082,241
ORD_01130,10,Afternoon,SKU_490,799
ORD_01131,10,Morning,SKU_075,224
ORD_01131,10,Morning,SKU_169,668
ORD_01131,10,Morning,SKU_374,332
ORD_01131,10,Morning,SKU_021,333
ORD_01132,12,Morning,SKU_481,870
ORD_01132,12,Morning,SKU_285,355
ORD_01132,12,Morning,SKU_172,177
ORD_01132,12,Morning,SKU_312,573
ORD_01132,12,Morning,SKU_070,553
ORD_01132,12,Morning,SKU_313,257
ORD_01133,13,Morning,SKU_215,168
ORD_01133,13,Morning,SKU_250,597
ORD_01133,13,Morning,SKU_481,1009
ORD_01133,13,Morning,SKU_186,398
ORD_01133,13,Morning,SKU_187,402
ORD_01133,13,Morning,SKU_205,334
ORD_01134,28,Afternoon,SKU_454,461
ORD_01134,28,Afternoon,SKU_358,892
ORD_01134,28,Afternoon,SKU_275,468
ORD_01134,28,Afternoon,SKU_474,543
ORD_01135,23,Afternoon,SKU_347,728
ORD_01135,23,Afternoon,SKU_159,302
ORD_01135,23,Afternoon,SKU_090,397
ORD_01135,23,Afternoon,SKU_433,335
ORD_01135,23,Afternoon,SKU_174,554
ORD_01136,16,Afternoon,SKU_264,148
ORD_01136,16,Afternoon,SKU_184,704
ORD_01136,16,Afternoon,SKU_497,114
ORD_01137,26,Morning,SKU_456,506
ORD_01137,26,Morning,SKU_286,850
ORD_01138,15,Morning,SKU_263,360
ORD_01138,15,Morning,SKU_151,379
ORD_01139,30,Afternoon,SKU_431,488
ORD_01139,30,Afternoon,SKU_169,1211
ORD_01139,30,Afternoon,SKU_299,217
ORD_01139,30,Afternoon,SKU_041,980
ORD_01139,30,Afternoon,SKU_259,125
ORD_01140,16,Morning,SKU_374,306
ORD_01140,16,Morning,SKU_248,626
ORD_01140,16,Morning,SKU_354,818
ORD_01140,16,Morning,SKU_140,249
ORD_01141,8,Afternoon,SKU_079,561
ORD_01141,8,Afternoon,SKU_130,616
ORD_01141,8,Afternoon,SKU_069,804
ORD_01141,8,Afternoon,SKU_386,449
ORD_01142,24,Morning,SKU_478,181
ORD_01142,24,Morning,SKU_130,612
ORD_01142,24,Morning,SKU_024,1077
ORD_01143,15,Morning,SKU_250,1385
ORD_01143,15,Morning,SKU_093,482
ORD_01143,15,Morning,SKU_259,443
ORD_01143,15,Morning,SKU_476,1391
ORD_01144,7,Afternoon,SKU_108,174
ORD_01144,7,Afternoon,SKU_100,70
ORD_01144,7,Afternoon,SKU_191,356
ORD_01144,7,Afternoon,SKU_373,152
ORD_01144,7,Afternoon,SKU_433,136
ORD_01144,7,Afternoon,SKU_297,592
ORD_01144,7,Afternoon,SKU_018,521
ORD_01145,24,Morning,SKU_204,590
ORD_01145,24,Morning,SKU_370,106
ORD_01145,24,Morning,SKU_338,711
ORD_01145,24,Morning,SKU_386,551
ORD_01146,8,Morning,SKU_187,453
ORD_01146,8,Morning,SKU_156,235
ORD_01146,8,Morning,SKU_414,197
ORD_01146,8,Morning,SKU_052,563
ORD_01146,8,Morning,SKU_497,508
ORD_01146,8,Morning,SKU_500,1257
ORD_01147,4,Afternoon,SKU_079,211
ORD_01147,4,Afternoon,SKU_448,693
ORD_01147,4,Afternoon,SKU_235,169
ORD_01147,4,Afternoon,SKU_046,678
ORD_01148,20,Morning,SKU_497,289
ORD_01148,20,Morning,SKU_054,240
ORD_01149,8,Afternoon,SKU_304,427
ORD_01149,8,Afternoon,SKU_383,841
ORD_01149,8,Afternoon,SKU_318,243
ORD_01149,8,Afternoon,SKU_197,843
ORD_01149,8,Afternoon,SKU_373,171
ORD_01149,8,Afternoon,SKU_331,38
ORD_01150,19,Morning,SKU_259,384
ORD_01150,19,Morning,SKU_326,91
ORD_01150,19,Morning,SKU_189,210
ORD_01150,19,Morning,SKU_169,817
ORD_01150,19,Morning,SKU_248,139
ORD_01150,19,Morning,SKU_015,531
ORD_01150,19,Morning,SKU_481,814
ORD_01151,10,Afternoon,SKU_476,220
ORD_01151,10,Afternoon,SKU_337,636
ORD_01151,10,Afternoon,SKU_480,692
ORD_01151,10,Afternoon,SKU_020,225
ORD_01151,10,Afternoon,SKU_115,323
ORD_01151,10,Afternoon,SKU_105,688
ORD_01152,6,Morning,SKU_351,541
ORD_01152,6,Morning,SKU_280,174
ORD_01152,6,Morning,SKU_391,242
ORD_01153,17,Afternoon,SKU_312,692
ORD_01153,17,Afternoon,SKU_347,561
ORD_01153,17,Afternoon,SKU_256,74
ORD_01153,17,Afternoon,SKU_354,209
ORD_01153,17,Afternoon,SKU_284,364
ORD_01154,29,Morning,SKU_415,865
ORD_01154,29,Morning,SKU_187,728
ORD_01154,29,Morning,SKU_140,379
ORD_01154,29,Morning,SKU_469,947
ORD_01155,11,Morning,SKU_201,83
ORD_01155,11,Morning,SKU_279,514
ORD_01155,11,Morning,SKU_091,342
ORD_01155,11,Morning,SKU_446,453
ORD_01155,11,Morning,SKU_460,361
ORD_01155,11,Morning,SKU_481,788
ORD_01156,7,Morning,SKU_009,758
ORD_01156,7,Morning,SKU_389,190
ORD_01156,7,Morning,SKU_213,616
ORD_01156,7,Morning,SKU_084,648
ORD_01156,7,Morning,SKU_262,252
ORD_01156,7,Morning,SKU_082,458
ORD_01157,1,Afternoon,SKU_174,486
ORD_01157,1,Afternoon,SKU_291,458
ORD_01158,12,Afternoon,SKU_447,620
ORD_01158,12,Afternoon,SKU_235,672
ORD_01158,12,Afternoon,SKU_377,129
ORD_01158,12,Afternoon,SKU_084,205
ORD_01158,12,Afternoon,SKU_286,694
ORD_01158,12,Afternoon,SKU_316,249
ORD_01158,12,Afternoon,SKU_186,315
ORD_01159,13,Afternoon,SKU_443,320
ORD_01160,19,Morning,SKU_227,248
ORD_01160,19,Morning,SKU_384,232
ORD_01160,19,Morning,SKU_331,90
ORD_01160,19,Morning,SKU_046,352
ORD_01160,19,Morning,SKU_107,575
ORD_01161,13,Afternoon,SKU_202,106
ORD_01161,13,Afternoon,SKU_189,391
ORD_01161,13,Afternoon,SKU_008,172
ORD_01161,13,Afternoon,SKU_344,400
ORD_01161,13,Afternoon,SKU_270,288
ORD_01161,13,Afternoon,SKU_108,382
ORD_01161,13,Afternoon,SKU_449,489
ORD_01162,12,Morning,SKU_409,438
ORD_01162,12,Morning,SKU_201,548
ORD_01162,12,Morning,SKU_393,699
ORD_01163,15,Morning,SKU_484,390
ORD_01163,15,Morning,SKU_037,369
ORD_01163,15,Morning,SKU_058,314
ORD_01163,15,Morning,SKU_403,370
ORD_01163,15,Morning,SKU_304,94
ORD_01164,29,Afternoon,SKU_375,266
ORD_01164,29,Afternoon,SKU_055,412
ORD_01164,29,Afternoon,SKU_297,253
ORD_01164,29,Afternoon,SKU_105,467
ORD_01164,29,Afternoon,SKU_021,251
ORD_01164,29,Afternoon,SKU_354,355
ORD_01165,6,Morning,SKU_452,864
ORD_01165,6,Morning,SKU_108,724
ORD_01165,6,Morning,SKU_070,292
ORD_01165,6,Morning,SKU_255,553
ORD_01165,6,Morning,SKU_470,209
ORD_01166,2,Afternoon,SKU_129,326
ORD_01166,2,Afternoon,SKU_422,378
ORD_01166,2,Afternoon,SKU_275,193
ORD_01166,2,Afternoon,SKU_111,305
ORD_01166,2,Afternoon,SKU_449,576
ORD_01167,17,Afternoon,SKU_014,163
ORD_01167,17,Afternoon,SKU_094,1024
ORD_01167,17,Afternoon,SKU_168,930
ORD_01167,17,Afternoon,SKU_337,624
ORD_01167,17,Afternoon,SKU_304,279
ORD_01167,17,Afternoon,SKU_405,26
ORD_01168,21,Afternoon,SKU_179,778
ORD_01168,21,Afternoon,SKU_357,1054
ORD_01168,21,Afternoon,SKU_408,565
ORD_01168,21,Afternoon,SKU_441,411
ORD_01169,11,Afternoon,SKU_191,107
ORD_01169,11,Afternoon,SKU_108,145
ORD_01169,11,Afternoon,SKU_176,327
ORD_01169,11,Afternoon,SKU_205,255
ORD_01169,11,Afternoon,SKU_329,260
ORD_01169,11,Afternoon,SKU_465,629
ORD_01169,11,Afternoon,SKU_168,464
ORD_01170,24,Morning,SKU_223,551
ORD_01170,24,Morning,SKU_191,254
ORD_01170,24,Morning,SKU_018,461
ORD_01170,24,Morning,SKU_497,490
ORD_01170,24,Morning,SKU_464,627
ORD_01171,5,Afternoon,SKU_462,388
ORD_01171,5,Afternoon,SKU_245,294
ORD_01171,5,Afternoon,SKU_316,208
ORD_01171,5,Afternoon,SKU_409,347
ORD_01171,5,Afternoon,SKU_272,385
ORD_01171,5,Afternoon,SKU_118,301
ORD_01171,5,Afternoon,SKU_181,368
ORD_01172,23,Morning,SKU_327,620
ORD_01172,23,Morning,SKU_263,816
ORD_01172,23,Morning,SKU_324,707
ORD_01172,23,Morning,SKU_186,375
ORD_01173,15,Afternoon,SKU_205,359
ORD_01173,15,Afternoon,SKU_199,480
ORD_01173,15,Afternoon,SKU_041,869
ORD_01173,15,Afternoon,SKU_111,593
ORD_01173,15,Afternoon,SKU_223,330
ORD_01174,20,Morning,SKU_251,625
ORD_01174,20,Morning,SKU_284,295
ORD_01174,20,Morning,SKU_290,1353
ORD_01174,20,Morning,SKU_040,287
ORD_01174,20,Morning,SKU_119,438
ORD_01175,29,Morning,SKU_495,455
ORD_01175,29,Morning,SKU_489,506
ORD_01175,29,Morning,SKU_455,784
ORD_01175,29,Morning,SKU_015,589
ORD_01176,13,Morning,SKU_329,144
ORD_01176,13,Morning,SKU_322,932
ORD_01176,13,Morning,SKU_293,242
ORD_01176,13,Morning,SKU_404,592
ORD_01176,13,Morning,SKU_441,677
ORD_01177,23,Afternoon,SKU_079,234
ORD_01177,23,Afternoon,SKU_329,498
ORD_01177,23,Afternoon,SKU_194,923
ORD_01177,23,Afternoon,SKU_460,595
ORD_01177,23,Afternoon,SKU_108,63
ORD_01178,7,Afternoon,SKU_352,109
ORD_01178,7,Afternoon,SKU_237,1345
ORD_01178,7,Afternoon,SKU_491,322
ORD_01178,7,Afternoon,SKU_370,779
ORD_01178,7,Afternoon,SKU_288,366
ORD_01179,8,Morning,SKU_086,206
ORD_01179,8,Morning,SKU_496,516
ORD_01179,8,Morning,SKU_243,335
ORD_01179,8,Morning,SKU_407,804
ORD_01179,8,Morning,SKU_041,326
ORD_01179,8,Morning,SKU_134,513
ORD_01180,26,Morning,SKU_047,322
ORD_01180,26,Morning,SKU_024,384
ORD_01180,26,Morning,SKU_169,210
ORD_01180,26,Morning,SKU_434,656
ORD_01180,26,Morning,SKU_251,175
ORD_01180,26,Morning,SKU_329,361
ORD_01180,26,Morning,SKU_108,365
ORD_01180,26,Morning,SKU_115,236
ORD_01181,4,Afternoon,SKU_217,267
ORD_01181,4,Afternoon,SKU_337,1148
ORD_01181,4,Afternoon,SKU_378,267
ORD_01181,4,Afternoon,SKU_360,177
ORD_01181,4,Afternoon,SKU_352,214
ORD_01181,4,Afternoon,SKU_244,1360
ORD_01181,4,Afternoon,SKU_171,205
ORD_01182,18,Morning,SKU_191,80
ORD_01182,18,Morning,SKU_082,486
ORD_01182,18,Morning,SKU_433,864
ORD_01182,18,Morning,SKU_441,500
ORD_01182,18,Morning,SKU_111,271
ORD_01182,18,Morning,SKU_152,313
ORD_01183,30,Afternoon,SKU_284,994
ORD_01183,30,Afternoon,SKU_245,307
ORD_01184,9,Afternoon,SKU_477,528
ORD_01184,9,Afternoon,SKU_025,351
ORD_01184,9,Afternoon,SKU_463,210
ORD_01185,7,Morning,SKU_027,399
ORD_01185,7,Morning,SKU_225,466
ORD_01185,7,Morning,SKU_155,721
ORD_01186,17,Afternoon,SKU_452,801
ORD_01186,17,Afternoon,SKU_381,352
ORD_01186,17,Afternoon,SKU_135,531
ORD_01186,17,Afternoon,SKU_168,498
ORD_01186,17,Afternoon,SKU_379,453
ORD_01187,22,Morning,SKU_333,832
ORD_01187,22,Morning,SKU_369,461
ORD_01187,22,Morning,SKU_290,355
ORD_01187,22,Morning,SKU_060,350
ORD_01187,22,Morning,SKU_466,562
ORD_01188,27,Morning,SKU_056,417
ORD_01188,27,Morning,SKU_100,171
ORD_01188,27,Morning,SKU_083,1017
ORD_01188,27,Morning,SKU_186,305
ORD_01188,27,Morning,SKU_253,150
ORD_01189,22,Afternoon,SKU_455,761
ORD_01189,22,Afternoon,SKU_151,620
ORD_01189,22,Afternoon,SKU_484,708
ORD_01189,22,Afternoon,SKU_374,67
ORD_01189,22,Afternoon,SKU_063,367
ORD_01190,3,Afternoon,SKU_408,300
ORD_01190,3,Afternoon,SKU_066,278
ORD_01190,3,Afternoon,SKU_290,547
ORD_01190,3,Afternoon,SKU_131,499
ORD_01190,3,Afternoon,SKU_441,553
ORD_01191,30,Afternoon,SKU_083,873
ORD_01191,30,Afternoon,SKU_270,595
ORD_01191,30,Afternoon,SKU_384,373
ORD_01191,30,Afternoon,SKU_281,967
ORD_01191,30,Afternoon,SKU_280,366
ORD_01192,28,Morning,SKU_121,396
ORD_01192,28,Morning,SKU_094,310
ORD_01192,28,Morning,SKU_477,684
ORD_01192,28,Morning,SKU_304,114
ORD_01193,27,Morning,SKU_479,132
ORD_01193,27,Morning,SKU_293,695
ORD_01193,27,Morning,SKU_344,79
ORD_01193,27,Morning,SKU_158,365
ORD_01193,27,Morning,SKU_497,575
ORD_01194,13,Morning,SKU_331,596
ORD_01194,13,Morning,SKU_344,159
ORD_01195,26,Afternoon,SKU_373,423
ORD_01195,26,Afternoon,SKU_358,1046
ORD_01196,9,Afternoon,SKU_098,476
ORD_01196,9,Afternoon,SKU_379,541
ORD_01196,9,Afternoon,SKU_024,377
ORD_01196,9,Afternoon,SKU_312,150
ORD_01196,9,Afternoon,SKU_115,422
ORD_01196,9,Afternoon,SKU_168,476
ORD_01197,29,Afternoon,SKU_375,659
ORD_01197,29,Afternoon,SKU_089,1322
ORD_01198,22,Morning,SKU_205,410
ORD_01198,22,Morning,SKU_254,367
ORD_01198,22,Morning,SKU_019,319
ORD_01198,22,Morning,SKU_445,738
ORD_01198,22,Morning,SKU_089,174
ORD_01198,22,Morning,SKU_024,241
ORD_01198,22,Morning,SKU_363,106
ORD_01198,22,Morning,SKU_473,53
ORD_01199,5,Afternoon,SKU_304,564
ORD_01199,5,Afternoon,SKU_481,903
ORD_01199,5,Afternoon,SKU_352,834
ORD_01199,5,Afternoon,SKU_250,1487
ORD_01200,26,Morning,SKU_352,509
ORD_01200,26,Morning,SKU_379,343
ORD_01200,26,Morning,SKU_057,1219
ORD_01200,26,Morning,SKU_373,255
ORD_01201,28,Morning,SKU_249,391
ORD_01201,28,Morning,SKU_460,663
ORD_01201,28,Morning,SKU_375,666
ORD_01201,28,Morning,SKU_187,174
ORD_01202,19,Afternoon,SKU_213,96
ORD_01202,19,Afternoon,SKU_304,382
ORD_01202,19,Afternoon,SKU_192,619
ORD_01202,19,Afternoon,SKU_386,127
ORD_01202,19,Afternoon,SKU_481,995
ORD_01202,19,Afternoon,SKU_174,232
ORD_01202,19,Afternoon,SKU_302,247
ORD_01203,20,Morning,SKU_046,537
ORD_01203,20,Morning,SKU_448,573
ORD_01203,20,Morning,SKU_087,1016
ORD_01203,20,Morning,SKU_344,191
ORD_01203,20,Morning,SKU_460,129
ORD_01204,11,Afternoon,SKU_107,299
ORD_01204,11,Afternoon,SKU_195,324
ORD_01204,11,Afternoon,SKU_193,707
ORD_01204,11,Afternoon,SKU_208,284
ORD_01204,11,Afternoon,SKU_418,815
ORD_01205,2,Morning,SKU_162,891
ORD_01205,2,Morning,SKU_247,298
ORD_01205,2,Morning,SKU_484,208
ORD_01205,2,Morning,SKU_094,380
ORD_01206,22,Morning,SKU_017,670
ORD_01206,22,Morning,SKU_389,580
ORD_01206,22,Morning,SKU_469,148
ORD_01206,22,Morning,SKU_400,691
ORD_01206,22,Morning,SKU_423,57
ORD_01207,21,Afternoon,SKU_038,467
ORD_01207,21,Afternoon,SKU_490,271
ORD_01207,21,Afternoon,SKU_413,771
ORD_01207,21,Afternoon,SKU_414,817
ORD_01207,21,Afternoon,SKU_331,501
ORD_01208,2,Afternoon,SKU_275,236
ORD_01208,2,Afternoon,SKU_347,818
ORD_01208,2,Afternoon,SKU_316,661
ORD_01208,2,Afternoon,SKU_111,531
ORD_01208,2,Afternoon,SKU_447,527
ORD_01208,2,Afternoon,SKU_315,63
ORD_01209,27,Morning,SKU_074,247
ORD_01209,27,Morning,SKU_046,246
ORD_01209,27,Morning,SKU_423,253
ORD_01209,27,Morning,SKU_476,844
ORD_01210,21,Afternoon,SKU_288,264
ORD_01210,21,Afternoon,SKU_093,441
ORD_01211,14,Afternoon,SKU_041,678
ORD_01211,14,Afternoon,SKU_192,149
ORD_01211,14,Afternoon,SKU_358,139
ORD_01211,14,Afternoon,SKU_414,271
ORD_01211,14,Afternoon,SKU_399,364
ORD_01211,14,Afternoon,SKU_384,915
ORD_01211,14,Afternoon,SKU_426,188
ORD_01212,3,Afternoon,SKU_010,215
ORD_01212,3,Afternoon,SKU_314,560
ORD_01212,3,Afternoon,SKU_288,828
ORD_01212,3,Afternoon,SKU_082,398
ORD_01212,3,Afternoon,SKU_373,531
ORD_01212,3,Afternoon,SKU_055,116
ORD_01213,25,Morning,SKU_159,813
ORD_01213,25,Morning,SKU_041,202
ORD_01213,25,Morning,SKU_431,488
ORD_01213,25,Morning,SKU_168,241
ORD_01213,25,Morning,SKU_093,535
ORD_01213,25,Morning,SKU_084,244
ORD_01214,16,Morning,SKU_094,757
ORD_01214,16,Morning,SKU_153,104
ORD_01214,16,Morning,SKU_052,683
ORD_01214,16,Morning,SKU_446,85
ORD_01214,16,Morning,SKU_008,67
ORD_01214,16,Morning,SKU_327,442
ORD_01214,16,Morning,SKU_344,274
ORD_01215,22,Morning,SKU_386,138
ORD_01215,22,Morning,SKU_462,870
ORD_01215,22,Morning,SKU_068,491
ORD_01215,22,Morning,SKU_481,501
ORD_01215,22,Morning,SKU_220,149
ORD_01216,2,Afternoon,SKU_098,627
ORD_01216,2,Afternoon,SKU_255,894
ORD_01216,2,Afternoon,SKU_270,468
ORD_01216,2,Afternoon,SKU_260,976
ORD_01217,8,Afternoon,SKU_204,463
ORD_01217,8,Afternoon,SKU_094,289
ORD_01217,8,Afternoon,SKU_170,303
ORD_01217,8,Afternoon,SKU_384,331
ORD_01218,20,Morning,SKU_187,566
ORD_01219,18,Afternoon,SKU_217,1194
ORD_01219,18,Afternoon,SKU_393,605
ORD_01219,18,Afternoon,SKU_429,232
ORD_01219,18,Afternoon,SKU_159,167
ORD_01219,18,Afternoon,SKU_167,667
ORD_01219,18,Afternoon,SKU_448,383
ORD_01220,20,Afternoon,SKU_264,154
ORD_01220,20,Afternoon,SKU_168,1021
ORD_01220,20,Afternoon,SKU_352,396
ORD_01220,20,Afternoon,SKU_064,203
ORD_01220,20,Afternoon,SKU_409,155
ORD_01220,20,Afternoon,SKU_288,428
ORD_01221,17,Afternoon,SKU_008,350
ORD_01221,17,Afternoon,SKU_059,404
ORD_01221,17,Afternoon,SKU_404,677
ORD_01221,17,Afternoon,SKU_217,584
ORD_01222,4,Afternoon,SKU_055,104
ORD_01222,4,Afternoon,SKU_205,505
ORD_01223,1,Morning,SKU_318,90
ORD_01223,1,Morning,SKU_240,467
ORD_01223,1,Morning,SKU_317,140
ORD_01223,1,Morning,SKU_322,632
ORD_01223,1,Morning,SKU_280,208
ORD_01223,1,Morning,SKU_495,133
ORD_01224,12,Morning,SKU_457,158
ORD_01224,12,Morning,SKU_213,397
ORD_01224,12,Morning,SKU_369,342
ORD_01224,12,Morning,SKU_476,517
ORD_01224,12,Morning,SKU_373,108
ORD_01224,12,Morning,SKU_070,465
ORD_01224,12,Morning,SKU_187,190
ORD_01225,21,Morning,SKU_342,68
ORD_01225,21,Morning,SKU_105,218
ORD_01225,21,Morning,SKU_034,372
ORD_01225,21,Morning,SKU_463,664
ORD_01226,1,Morning,SKU_420,718
ORD_01226,1,Morning,SKU_042,504
ORD_01226,1,Morning,SKU_129,270
ORD_01226,1,Morning,SKU_227,1310
ORD_01227,19,Morning,SKU_342,288
ORD_01227,19,Morning,SKU_304,645
ORD_01227,19,Morning,SKU_331,353
ORD_01227,19,Morning,SKU_052,117
ORD_01227,19,Morning,SKU_284,491
ORD_01227,19,Morning,SKU_080,183
ORD_01227,19,Morning,SKU_476,279
ORD_01228,4,Morning,SKU_475,227
ORD_01228,4,Morning,SKU_327,173
ORD_01228,4,Morning,SKU_388,493
ORD_01228,4,Morning,SKU_384,859
ORD_01228,4,Morning,SKU_288,687
ORD_01228,4,Morning,SKU_323,75
ORD_01229,11,Morning,SKU_052,840
ORD_01229,11,Morning,SKU_352,279
ORD_01229,11,Morning,SKU_337,265
ORD_01229,11,Morning,SKU_480,442
ORD_01229,11,Morning,SKU_223,736
ORD_01229,11,Morning,SKU_349,406
ORD_01230,5,Afternoon,SKU_195,226
ORD_01230,5,Afternoon,SKU_186,400
ORD_01230,5,Afternoon,SKU_248,348
ORD_01230,5,Afternoon,SKU_408,324
ORD_01230,5,Afternoon,SKU_334,889
ORD_01231,27,Morning,SKU_354,156
ORD_01231,27,Morning,SKU_312,717
ORD_01231,27,Morning,SKU_250,370
ORD_01231,27,Morning,SKU_201,437
ORD_01231,27,Morning,SKU_495,591
ORD_01231,27,Morning,SKU_083,378
ORD_01232,21,Morning,SKU_354,402
ORD_01232,21,Morning,SKU_495,171
ORD_01232,21,Morning,SKU_299,1097
ORD_01232,21,Morning,SKU_403,222
ORD_01232,21,Morning,SKU_286,303
ORD_01233,2,Afternoon,SKU_385,829
ORD_01233,2,Afternoon,SKU_365,255
ORD_01233,2,Afternoon,SKU_264,556
ORD_01233,2,Afternoon,SKU_418,791
ORD_01233,2,Afternoon,SKU_477,142
ORD_01234,17,Morning,SKU_146,584
ORD_01234,17,Morning,SKU_439,931
ORD_01234,17,Morning,SKU_478,421
ORD_01235,13,Afternoon,SKU_079,475
ORD_01236,5,Morning,SKU_008,606
ORD_01236,5,Morning,SKU_156,492
ORD_01236,5,Morning,SKU_042,329
ORD_01236,5,Morning,SKU_015,647
ORD_01237,4,Afternoon,SKU_447,536
ORD_01237,4,Afternoon,SKU_046,186
ORD_01237,4,Afternoon,SKU_174,322
ORD_01237,4,Afternoon,SKU_449,630
ORD_01237,4,Afternoon,SKU_335,77
ORD_01237,4,Afternoon,SKU_015,177
ORD_01237,4,Afternoon,SKU_256,270
ORD_01238,4,Afternoon,SKU_304,182
ORD_01238,4,Afternoon,SKU_375,513
ORD_01238,4,Afternoon,SKU_297,427
ORD_01239,2,Morning,SKU_080,436
ORD_01239,2,Morning,SKU_244,1060
ORD_01239,2,Morning,SKU_052,171
ORD_01239,2,Morning,SKU_289,1194
ORD_01239,2,Morning,SKU_418,399
ORD_01239,2,Morning,SKU_001,119
ORD_01239,2,Morning,SKU_425,222
ORD_01240,23,Afternoon,SKU_093,489
ORD_01240,23,Afternoon,SKU_384,342
ORD_01240,23,Afternoon,SKU_108,548
ORD_01240,23,Afternoon,SKU_015,328
ORD_01240,23,Afternoon,SKU_408,230
ORD_01240,23,Afternoon,SKU_017,343
ORD_01241,10,Morning,SKU_462,704
ORD_01241,10,Morning,SKU_052,266
ORD_01241,10,Morning,SKU_122,556
ORD_01241,10,Morning,SKU_460,302
ORD_01241,10,Morning,SKU_189,491
ORD_01241,10,Morning,SKU_291,371
ORD_01241,10,Morning,SKU_217,230
ORD_01242,7,Morning,SKU_414,156
ORD_01242,7,Morning,SKU_027,136
ORD_01242,7,Morning,SKU_491,439
ORD_01242,7,Morning,SKU_459,236
ORD_01242,7,Morning,SKU_341,932
ORD_01242,7,Morning,SKU_331,90
ORD_01242,7,Morning,SKU_225,212
ORD_01242,7,Morning,SKU_235,239
ORD_01243,11,Morning,SKU_304,249
ORD_01243,11,Morning,SKU_079,549
ORD_01243,11,Morning,SKU_104,585
ORD_01243,11,Morning,SKU_168,948
ORD_01243,11,Morning,SKU_453,317
ORD_01244,15,Afternoon,SKU_461,673
ORD_01244,15,Afternoon,SKU_290,1067
ORD_01244,15,Afternoon,SKU_094,1005
ORD_01244,15,Afternoon,SKU_334,502
ORD_01245,10,Morning,SKU_122,770
ORD_01245,10,Morning,SKU_015,378
ORD_01245,10,Morning,SKU_344,165
ORD_01245,10,Morning,SKU_426,722
ORD_01245,10,Morning,SKU_243,426
ORD_01245,10,Morning,SKU_490,35
ORD_01246,25,Morning,SKU_243,356
ORD_01246,25,Morning,SKU_223,460
ORD_01246,25,Morning,SKU_232,46
ORD_01246,25,Morning,SKU_259,491
ORD_01246,25,Morning,SKU_209,653
ORD_01246,25,Morning,SKU_428,364
ORD_01247,24,Afternoon,SKU_376,299
ORD_01247,24,Afternoon,SKU_403,207
ORD_01247,24,Afternoon,SKU_352,481
ORD_01247,24,Afternoon,SKU_235,886
ORD_01247,24,Afternoon,SKU_374,79
ORD_01247,24,Afternoon,SKU_349,542
ORD_01248,13,Afternoon,SKU_331,555
ORD_01248,13,Afternoon,SKU_017,508
ORD_01248,13,Afternoon,SKU_272,436
ORD_01248,13,Afternoon,SKU_087,192
ORD_01248,13,Afternoon,SKU_070,385
ORD_01249,29,Afternoon,SKU_015,334
ORD_01249,29,Afternoon,SKU_187,467
ORD_01249,29,Afternoon,SKU_376,318
ORD_01249,29,Afternoon,SKU_093,104
ORD_01249,29,Afternoon,SKU_034,253
ORD_01249,29,Afternoon,SKU_111,937
ORD_01250,7,Morning,SKU_021,447
ORD_01250,7,Morning,SKU_235,310
ORD_01250,7,Morning,SKU_496,312
ORD_01250,7,Morning,SKU_120,978
ORD_01250,7,Morning,SKU_015,299
ORD_01251,28,Morning,SKU_037,653
ORD_01251,28,Morning,SKU_328,1253
ORD_01252,15,Morning,SKU_064,396
ORD_01252,15,Morning,SKU_375,191
ORD_01252,15,Morning,SKU_391,227
ORD_01252,15,Morning,SKU_462,500
ORD_01252,15,Morning,SKU_272,280
ORD_01252,15,Morning,SKU_496,260
ORD_01252,15,Morning,SKU_112,193
ORD_01253,28,Afternoon,SKU_403,441
ORD_01253,28,Afternoon,SKU_131,142
ORD_01253,28,Afternoon,SKU_015,509
ORD_01253,28,Afternoon,SKU_477,571
ORD_01253,28,Afternoon,SKU_397,572
ORD_01254,19,Afternoon,SKU_104,341
ORD_01254,19,Afternoon,SKU_262,119
ORD_01254,19,Afternoon,SKU_058,352
ORD_01255,25,Afternoon,SKU_288,597
ORD_01255,25,Afternoon,SKU_480,816
ORD_01255,25,Afternoon,SKU_377,468
ORD_01255,25,Afternoon,SKU_217,925
ORD_01255,25,Afternoon,SKU_460,301
ORD_01256,18,Afternoon,SKU_445,352
ORD_01256,18,Afternoon,SKU_405,135
ORD_01256,18,Afternoon,SKU_100,162
ORD_01256,18,Afternoon,SKU_115,158
ORD_01256,18,Afternoon,SKU_433,670
ORD_01256,18,Afternoon,SKU_280,131
ORD_01256,18,Afternoon,SKU_122,1118
ORD_01256,18,Afternoon,SKU_286,112
ORD_01256,18,Afternoon,SKU_369,64
ORD_01257,25,Morning,SKU_249,234
ORD_01257,25,Morning,SKU_144,701
ORD_01257,25,Morning,SKU_168,831
ORD_01257,25,Morning,SKU_192,190
ORD_01257,25,Morning,SKU_120,1068
ORD_01258,28,Afternoon,SKU_319,615
ORD_01258,28,Afternoon,SKU_205,378
ORD_01258,28,Afternoon,SKU_144,552
ORD_01258,28,Afternoon,SKU_476,603
ORD_01258,28,Afternoon,SKU_388,321
ORD_01259,18,Morning,SKU_263,692
ORD_01259,18,Morning,SKU_342,149
ORD_01259,18,Morning,SKU_473,105
ORD_01259,18,Morning,SKU_052,123
ORD_01259,18,Morning,SKU_250,383
ORD_01259,18,Morning,SKU_125,319
ORD_01259,18,Morning,SKU_433,877
ORD_01260,23,Afternoon,SKU_205,464
ORD_01260,23,Afternoon,SKU_344,151
ORD_01260,23,Afternoon,SKU_244,330
ORD_01260,23,Afternoon,SKU_021,150
ORD_01260,23,Afternoon,SKU_360,481
ORD_01260,23,Afternoon,SKU_212,204
ORD_01260,23,Afternoon,SKU_463,227
ORD_01261,5,Morning,SKU_018,281
ORD_01261,5,Morning,SKU_329,238
ORD_01261,5,Morning,SKU_066,807
ORD_01261,5,Morning,SKU_120,442
ORD_01261,5,Morning,SKU_047,772
ORD_01261,5,Morning,SKU_476,1118
ORD_01262,21,Afternoon,SKU_381,896
ORD_01262,21,Afternoon,SKU_360,642
ORD_01262,21,Afternoon,SKU_367,140
ORD_01262,21,Afternoon,SKU_408,404
ORD_01263,13,Morning,SKU_496,167
ORD_01263,13,Morning,SKU_120,1046
ORD_01263,13,Morning,SKU_174,357
ORD_01263,13,Morning,SKU_205,103
ORD_01263,13,Morning,SKU_342,107
ORD_01264,18,Morning,SKU_442,580
ORD_01264,18,Morning,SKU_312,482
ORD_01264,18,Morning,SKU_416,333
ORD_01264,18,Morning,SKU_373,360
ORD_01264,18,Morning,SKU_255,206
ORD_01265,28,Morning,SKU_372,325
ORD_01265,28,Morning,SKU_232,324
ORD_01265,28,Morning,SKU_373,703
ORD_01266,6,Morning,SKU_403,547
ORD_01266,6,Morning,SKU_047,340
ORD_01266,6,Morning,SKU_104,141
ORD_01266,6,Morning,SKU_288,575
ORD_01266,6,Morning,SKU_082,231
ORD_01266,6,Morning,SKU_049,178
ORD_01266,6,Morning,SKU_041,902
ORD_01267,9,Morning,SKU_426,864
ORD_01267,9,Morning,SKU_213,586
ORD_01267,9,Morning,SKU_354,483
ORD_01267,9,Morning,SKU_384,660
ORD_01268,17,Afternoon,SKU_195,186
ORD_01268,17,Afternoon,SKU_403,100
ORD_01268,17,Afternoon,SKU_079,327
ORD_01268,17,Afternoon,SKU_434,949
ORD_01268,17,Afternoon,SKU_259,489
ORD_01268,17,Afternoon,SKU_028,1127
ORD_01269,19,Afternoon,SKU_195,380
ORD_01269,19,Afternoon,SKU_458,291
ORD_01269,19,Afternoon,SKU_054,717
ORD_01269,19,Afternoon,SKU_203,342
ORD_01269,19,Afternoon,SKU_335,37
ORD_01270,24,Morning,SKU_373,289
ORD_01270,24,Morning,SKU_005,771
ORD_01270,24,Morning,SKU_403,324
ORD_01270,24,Morning,SKU_205,129
ORD_01270,24,Morning,SKU_159,300
ORD_01270,24,Morning,SKU_290,276
ORD_01270,24,Morning,SKU_425,119
ORD_01270,24,Morning,SKU_204,578
ORD_01271,19,Morning,SKU_010,100
ORD_01271,19,Morning,SKU_087,715
ORD_01271,19,Morning,SKU_391,788
ORD_01271,19,Morning,SKU_283,514
ORD_01271,19,Morning,SKU_352,509
ORD_01272,21,Afternoon,SKU_108,742
ORD_01273,6,Afternoon,SKU_100,188
ORD_01273,6,Afternoon,SKU_452,395
ORD_01273,6,Afternoon,SKU_133,261
ORD_01273,6,Afternoon,SKU_284,891
ORD_01273,6,Afternoon,SKU_480,408
ORD_01273,6,Afternoon,SKU_037,629
ORD_01274,21,Morning,SKU_109,315
ORD_01274,21,Morning,SKU_272,98
ORD_01274,21,Morning,SKU_426,853
ORD_01274,21,Morning,SKU_463,399
ORD_01274,21,Morning,SKU_047,816
ORD_01274,21,Morning,SKU_176,498
ORD_01275,1,Afternoon,SKU_212,150
ORD_01275,1,Afternoon,SKU_412,120
ORD_01275,1,Afternoon,SKU_312,667
ORD_01275,1,Afternoon,SKU_313,527
ORD_01275,1,Afternoon,SKU_468,188
ORD_01275,1,Afternoon,SKU_115,124
ORD_01275,1,Afternoon,SKU_314,645
ORD_01275,1,Afternoon,SKU_186,121
ORD_01276,14,Afternoon,SKU_162,476
ORD_01276,14,Afternoon,SKU_373,908
ORD_01276,14,Afternoon,SKU_445,786
ORD_01276,14,Afternoon,SKU_100,429
ORD_01277,16,Afternoon,SKU_008,72
ORD_01277,16,Afternoon,SKU_174,366
ORD_01277,16,Afternoon,SKU_055,282
ORD_01278,26,Afternoon,SKU_151,521
ORD_01278,26,Afternoon,SKU_087,943
ORD_01278,26,Afternoon,SKU_342,132
ORD_01278,26,Afternoon,SKU_040,91
ORD_01278,26,Afternoon,SKU_433,680
ORD_01278,26,Afternoon,SKU_312,492
ORD_01279,5,Afternoon,SKU_353,695
ORD_01279,5,Afternoon,SKU_329,372
ORD_01279,5,Afternoon,SKU_318,710
ORD_01280,22,Morning,SKU_308,487
ORD_01280,22,Morning,SKU_487,115
ORD_01280,22,Morning,SKU_442,463
ORD_01280,22,Morning,SKU_250,1134
ORD_01280,22,Morning,SKU_009,346
ORD_01280,22,Morning,SKU_469,907
ORD_01281,3,Morning,SKU_443,201
ORD_01281,3,Morning,SKU_422,133
ORD_01282,9,Afternoon,SKU_174,248
ORD_01282,9,Afternoon,SKU_014,636
ORD_01282,9,Afternoon,SKU_111,707
ORD_01282,9,Afternoon,SKU_050,155
ORD_01282,9,Afternoon,SKU_350,74
ORD_01282,9,Afternoon,SKU_404,672
ORD_01282,9,Afternoon,SKU_150,56
ORD_01283,13,Afternoon,SKU_125,445
ORD_01283,13,Afternoon,SKU_368,184
ORD_01283,13,Afternoon,SKU_107,655
ORD_01283,13,Afternoon,SKU_017,544
ORD_01284,19,Afternoon,SKU_141,364
ORD_01284,19,Afternoon,SKU_428,356
ORD_01284,19,Afternoon,SKU_127,273
ORD_01284,19,Afternoon,SKU_448,214
ORD_01284,19,Afternoon,SKU_481,673
ORD_01284,19,Afternoon,SKU_049,1086
ORD_01285,6,Afternoon,SKU_292,374
ORD_01285,6,Afternoon,SKU_328,292
ORD_01286,15,Afternoon,SKU_038,545
ORD_01286,15,Afternoon,SKU_463,133
ORD_01287,28,Morning,SKU_305,663
ORD_01287,28,Morning,SKU_328,1253
ORD_01287,28,Morning,SKU_120,251
ORD_01287,28,Morning,SKU_070,618
ORD_01287,28,Morning,SKU_469,507
ORD_01288,23,Morning,SKU_089,1175
ORD_01288,23,Morning,SKU_318,415
ORD_01288,23,Morning,SKU_181,488
ORD_01288,23,Morning,SKU_393,651
ORD_01288,23,Morning,SKU_402,621
ORD_01289,13,Morning,SKU_144,792
ORD_01289,13,Morning,SKU_168,321
ORD_01289,13,Morning,SKU_403,551
ORD_01289,13,Morning,SKU_311,402
ORD_01289,13,Morning,SKU_120,1011
ORD_01290,1,Morning,SKU_109,423
ORD_01290,1,Morning,SKU_210,136
ORD_01290,1,Morning,SKU_062,712
ORD_01290,1,Morning,SKU_469,279
ORD_01291,17,Afternoon,SKU_284,183
ORD_01291,17,Afternoon,SKU_008,535
ORD_01291,17,Afternoon,SKU_384,313
ORD_01291,17,Afternoon,SKU_304,585
ORD_01291,17,Afternoon,SKU_409,165
ORD_01291,17,Afternoon,SKU_219,484
ORD_01291,17,Afternoon,SKU_086,35
ORD_01292,27,Morning,SKU_332,213
ORD_01292,27,Morning,SKU_400,557
ORD_01292,27,Morning,SKU_046,356
ORD_01292,27,Morning,SKU_108,138
ORD_01293,28,Morning,SKU_431,396
ORD_01293,28,Morning,SKU_360,492
ORD_01293,28,Morning,SKU_430,408
ORD_01293,28,Morning,SKU_320,508
ORD_01293,28,Morning,SKU_455,331
ORD_01293,28,Morning,SKU_243,80
ORD_01293,28,Morning,SKU_311,546
ORD_01294,5,Afternoon,SKU_027,124
ORD_01294,5,Afternoon,SKU_374,397
ORD_01294,5,Afternoon,SKU_250,886
ORD_01294,5,Afternoon,SKU_465,84
ORD_01295,15,Morning,SKU_481,765
ORD_01295,15,Morning,SKU_478,471
ORD_01295,15,Morning,SKU_381,759
ORD_01296,6,Afternoon,SKU_381,778
ORD_01296,6,Afternoon,SKU_484,134
ORD_01296,6,Afternoon,SKU_386,386
ORD_01296,6,Afternoon,SKU_324,500
ORD_01296,6,Afternoon,SKU_401,190
ORD_01296,6,Afternoon,SKU_040,406
ORD_01297,6,Afternoon,SKU_090,654
ORD_01297,6,Afternoon,SKU_203,158
ORD_01297,6,Afternoon,SKU_481,881
ORD_01297,6,Afternoon,SKU_041,1092
ORD_01298,27,Afternoon,SKU_312,110
ORD_01298,27,Afternoon,SKU_066,545
ORD_01299,11,Morning,SKU_079,301
ORD_01299,11,Morning,SKU_010,434
ORD_01299,11,Morning,SKU_058,230
ORD_01300,25,Morning,SKU_377,905
ORD_01301,9,Morning,SKU_474,482
ORD_01301,9,Morning,SKU_046,626
ORD_01301,9,Morning,SKU_259,245
ORD_01301,9,Morning,SKU_041,1069
ORD_01301,9,Morning,SKU_093,108
ORD_01302,3,Afternoon,SKU_280,457
ORD_01302,3,Afternoon,SKU_404,800
ORD_01302,3,Afternoon,SKU_492,901
ORD_01302,3,Afternoon,SKU_445,1009
ORD_01303,23,Morning,SKU_226,470
ORD_01303,23,Morning,SKU_152,632
ORD_01303,23,Morning,SKU_324,689
ORD_01303,23,Morning,SKU_481,388
ORD_01303,23,Morning,SKU_228,814
ORD_01304,12,Morning,SKU_476,154
ORD_01304,12,Morning,SKU_021,451
ORD_01304,12,Morning,SKU_136,1013
ORD_01304,12,Morning,SKU_374,217
ORD_01304,12,Morning,SKU_108,656
ORD_01305,25,Afternoon,SKU_089,711
ORD_01305,25,Afternoon,SKU_407,699
ORD_01305,25,Afternoon,SKU_363,68
ORD_01305,25,Afternoon,SKU_414,882
ORD_01306,5,Afternoon,SKU_204,582
ORD_01306,5,Afternoon,SKU_288,180
ORD_01306,5,Afternoon,SKU_251,280
ORD_01306,5,Afternoon,SKU_174,580
ORD_01306,5,Afternoon,SKU_268,183
ORD_01306,5,Afternoon,SKU_405,404
ORD_01307,15,Morning,SKU_110,1138
ORD_01307,15,Morning,SKU_122,305
ORD_01307,15,Morning,SKU_388,767
ORD_01307,15,Morning,SKU_055,61
ORD_01307,15,Morning,SKU_168,596
ORD_01307,15,Morning,SKU_418,325
ORD_01308,14,Morning,SKU_426,268
ORD_01308,14,Morning,SKU_446,339
ORD_01308,14,Morning,SKU_070,559
ORD_01308,14,Morning,SKU_466,582
ORD_01308,14,Morning,SKU_047,794
ORD_01309,21,Morning,SKU_169,614
ORD_01309,21,Morning,SKU_069,181
ORD_01309,21,Morning,SKU_480,427
ORD_01309,21,Morning,SKU_304,395
ORD_01309,21,Morning,SKU_481,623
ORD_01309,21,Morning,SKU_462,976
ORD_01310,19,Afternoon,SKU_378,239
ORD_01310,19,Afternoon,SKU_115,284
ORD_01310,19,Afternoon,SKU_305,107
ORD_01311,8,Morning,SKU_158,1028
ORD_01311,8,Morning,SKU_144,367
ORD_01311,8,Morning,SKU_168,1084
ORD_01311,8,Morning,SKU_205,427
ORD_01311,8,Morning,SKU_374,98
ORD_01312,1,Morning,SKU_469,115
ORD_01312,1,Morning,SKU_240,543
ORD_01312,1,Morning,SKU_447,234
ORD_01312,1,Morning,SKU_100,115
ORD_01312,1,Morning,SKU_123,335
ORD_01312,1,Morning,SKU_058,157
ORD_01312,1,Morning,SKU_488,628
ORD_01313,18,Morning,SKU_359,414
ORD_01313,18,Morning,SKU_017,458
ORD_01313,18,Morning,SKU_115,567
ORD_01313,18,Morning,SKU_375,340
ORD_01313,18,Morning,SKU_008,33
ORD_01314,5,Afternoon,SKU_108,240
ORD_01314,5,Afternoon,SKU_021,433
ORD_01314,5,Afternoon,SKU_470,216
ORD_01314,5,Afternoon,SKU_372,378
ORD_01314,5,Afternoon,SKU_326,129
ORD_01314,5,Afternoon,SKU_443,102
ORD_01315,12,Afternoon,SKU_014,311
ORD_01315,12,Afternoon,SKU_045,389
ORD_01315,12,Afternoon,SKU_189,608
ORD_01315,12,Afternoon,SKU_192,338
ORD_01315,12,Afternoon,SKU_071,371
ORD_01315,12,Afternoon,SKU_284,737
ORD_01316,13,Morning,SKU_046,225
ORD_01316,13,Morning,SKU_080,203
ORD_01316,13,Morning,SKU_484,808
ORD_01316,13,Morning,SKU_375,255
ORD_01316,13,Morning,SKU_107,426
ORD_01316,13,Morning,SKU_379,265
ORD_01317,6,Afternoon,SKU_448,86
ORD_01317,6,Afternoon,SKU_017,670
ORD_01317,6,Afternoon,SKU_194,777
ORD_01318,29,Afternoon,SKU_083,324
ORD_01318,29,Afternoon,SKU_358,1023
ORD_01318,29,Afternoon,SKU_285,574
ORD_01319,3,Afternoon,SKU_487,196
ORD_01319,3,Afternoon,SKU_404,193
ORD_01319,3,Afternoon,SKU_285,463
ORD_01319,3,Afternoon,SKU_065,283
ORD_01319,3,Afternoon,SKU_063,479
ORD_01319,3,Afternoon,SKU_131,385
ORD_01319,3,Afternoon,SKU_090,102
ORD_01320,23,Afternoon,SKU_251,145
ORD_01320,23,Afternoon,SKU_060,882
ORD_01321,29,Morning,SKU_279,897
ORD_01321,29,Morning,SKU_159,522
ORD_01321,29,Morning,SKU_072,434
ORD_01321,29,Morning,SKU_304,239
ORD_01321,29,Morning,SKU_436,272
ORD_01321,29,Morning,SKU_205,110
ORD_01322,7,Afternoon,SKU_463,615
ORD_01322,7,Afternoon,SKU_192,156
ORD_01322,7,Afternoon,SKU_010,236
ORD_01322,7,Afternoon,SKU_448,724
ORD_01322,7,Afternoon,SKU_123,526
ORD_01323,26,Morning,SKU_462,704
ORD_01323,26,Morning,SKU_186,226
ORD_01323,26,Morning,SKU_344,244
ORD_01324,17,Morning,SKU_162,1047
ORD_01324,17,Morning,SKU_405,641
ORD_01324,17,Morning,SKU_490,931
ORD_01324,17,Morning,SKU_342,213
ORD_01325,25,Morning,SKU_352,707
ORD_01325,25,Morning,SKU_240,209
ORD_01325,25,Morning,SKU_496,208
ORD_01325,25,Morning,SKU_448,591
ORD_01325,25,Morning,SKU_223,827
ORD_01326,15,Afternoon,SKU_469,269
ORD_01326,15,Afternoon,SKU_430,351
ORD_01326,15,Afternoon,SKU_143,1075
ORD_01326,15,Afternoon,SKU_360,532
ORD_01326,15,Afternoon,SKU_384,774
ORD_01327,17,Afternoon,SKU_488,784
ORD_01327,17,Afternoon,SKU_447,975
ORD_01327,17,Afternoon,SKU_497,359
ORD_01327,17,Afternoon,SKU_117,98
ORD_01327,17,Afternoon,SKU_418,722
ORD_01328,9,Morning,SKU_294,524
ORD_01328,9,Morning,SKU_256,543
ORD_01328,9,Morning,SKU_373,236
ORD_01328,9,Morning,SKU_433,233
ORD_01328,9,Morning,SKU_100,379
ORD_01328,9,Morning,SKU_017,286
ORD_01329,12,Afternoon,SKU_041,905
ORD_01329,12,Afternoon,SKU_324,289
ORD_01329,12,Afternoon,SKU_436,1024
ORD_01329,12,Afternoon,SKU_195,236
ORD_01329,12,Afternoon,SKU_189,594
ORD_01330,26,Morning,SKU_288,716
ORD_01330,26,Morning,SKU_469,481
ORD_01330,26,Morning,SKU_268,701
ORD_01330,26,Morning,SKU_122,1093
ORD_01330,26,Morning,SKU_358,143
ORD_01331,16,Morning,SKU_340,469
ORD_01331,16,Morning,SKU_041,337
ORD_01331,16,Morning,SKU_018,651
ORD_01331,16,Morning,SKU_112,879
ORD_01331,16,Morning,SKU_159,136
ORD_01332,12,Afternoon,SKU_393,317
ORD_01332,12,Afternoon,SKU_089,1266
ORD_01332,12,Afternoon,SKU_083,830
ORD_01332,12,Afternoon,SKU_304,354
ORD_01332,12,Afternoon,SKU_415,409
ORD_01333,3,Morning,SKU_295,443
ORD_01333,3,Morning,SKU_417,80
ORD_01333,3,Morning,SKU_462,602
ORD_01333,3,Morning,SKU_094,180
ORD_01333,3,Morning,SKU_433,501
ORD_01333,3,Morning,SKU_469,351
ORD_01333,3,Morning,SKU_251,303
ORD_01333,3,Morning,SKU_448,266
ORD_01334,29,Afternoon,SKU_460,578
ORD_01334,29,Afternoon,SKU_403,183
ORD_01334,29,Afternoon,SKU_027,519
ORD_01334,29,Afternoon,SKU_405,275
ORD_01334,29,Afternoon,SKU_430,232
ORD_01334,29,Afternoon,SKU_473,96
ORD_01335,19,Morning,SKU_122,939
ORD_01335,19,Morning,SKU_480,805
ORD_01335,19,Morning,SKU_059,89
ORD_01336,12,Morning,SKU_409,175
ORD_01336,12,Morning,SKU_195,444
ORD_01336,12,Morning,SKU_290,1124
ORD_01336,12,Morning,SKU_039,455
ORD_01337,1,Afternoon,SKU_419,564
ORD_01337,1,Afternoon,SKU_052,544
ORD_01337,1,Afternoon,SKU_379,215
ORD_01337,1,Afternoon,SKU_087,546
ORD_01337,1,Afternoon,SKU_187,731
ORD_01337,1,Afternoon,SKU_002,32
ORD_01338,1,Afternoon,SKU_041,932
ORD_01338,1,Afternoon,SKU_008,358
ORD_01338,1,Afternoon,SKU_352,327
ORD_01338,1,Afternoon,SKU_079,273
ORD_01338,1,Afternoon,SKU_197,190
ORD_01338,1,Afternoon,SKU_479,844
ORD_01339,2,Afternoon,SKU_045,212
ORD_01339,2,Afternoon,SKU_415,577
ORD_01339,2,Afternoon,SKU_064,160
ORD_01339,2,Afternoon,SKU_382,293
ORD_01339,2,Afternoon,SKU_100,177
ORD_01340,15,Morning,SKU_248,416
ORD_01340,15,Morning,SKU_131,365
ORD_01340,15,Morning,SKU_480,88
ORD_01340,15,Morning,SKU_017,121
ORD_01340,15,Morning,SKU_015,255
ORD_01340,15,Morning,SKU_070,278
ORD_01341,24,Morning,SKU_270,898
ORD_01341,24,Morning,SKU_466,387
ORD_01341,24,Morning,SKU_018,725
ORD_01341,24,Morning,SKU_251,250
ORD_01342,23,Afternoon,SKU_058,73
ORD_01342,23,Afternoon,SKU_258,407
ORD_01342,23,Afternoon,SKU_095,268
ORD_01342,23,Afternoon,SKU_308,458
ORD_01342,23,Afternoon,SKU_376,436
ORD_01342,23,Afternoon,SKU_488,341
ORD_01342,23,Afternoon,SKU_176,371
ORD_01343,27,Morning,SKU_459,477
ORD_01343,27,Morning,SKU_168,443
ORD_01343,27,Morning,SKU_226,269
ORD_01343,27,Morning,SKU_108,81
ORD_01343,27,Morning,SKU_279,340
ORD_01343,27,Morning,SKU_038,783
ORD_01343,27,Morning,SKU_346,187
ORD_01343,27,Morning,SKU_485,182
ORD_01344,24,Morning,SKU_415,756
ORD_01344,24,Morning,SKU_109,239
ORD_01344,24,Morning,SKU_449,593
ORD_01344,24,Morning,SKU_351,609
ORD_01344,24,Morning,SKU_184,202
ORD_01344,24,Morning,SKU_404,71
ORD_01345,3,Afternoon,SKU_376,372
ORD_01345,3,Afternoon,SKU_347,233
ORD_01345,3,Afternoon,SKU_121,140
ORD_01345,3,Afternoon,SKU_489,751
ORD_01345,3,Afternoon,SKU_433,597
ORD_01345,3,Afternoon,SKU_279,505
ORD_01346,23,Afternoon,SKU_373,428
ORD_01346,23,Afternoon,SKU_041,744
ORD_01346,23,Afternoon,SKU_262,249
ORD_01346,23,Afternoon,SKU_318,199
ORD_01346,23,Afternoon,SKU_463,324
ORD_01346,23,Afternoon,SKU_351,687
ORD_01346,23,Afternoon,SKU_380,190
ORD_01347,17,Afternoon,SKU_477,109
ORD_01347,17,Afternoon,SKU_490,653
ORD_01347,17,Afternoon,SKU_341,808
ORD_01347,17,Afternoon,SKU_374,583
ORD_01347,17,Afternoon,SKU_111,884
ORD_01348,3,Morning,SKU_331,529
ORD_01348,3,Morning,SKU_248,527
ORD_01348,3,Morning,SKU_069,455
ORD_01348,3,Morning,SKU_373,779
ORD_01348,3,Morning,SKU_360,339
ORD_01349,16,Morning,SKU_248,184
ORD_01349,16,Morning,SKU_120,399
ORD_01349,16,Morning,SKU_079,92
ORD_01350,17,Afternoon,SKU_264,612
ORD_01350,17,Afternoon,SKU_137,569
ORD_01350,17,Afternoon,SKU_308,1393
ORD_01350,17,Afternoon,SKU_089,460
ORD_01350,17,Afternoon,SKU_490,105
ORD_01351,1,Morning,SKU_322,341
ORD_01351,1,Morning,SKU_262,392
ORD_01352,18,Afternoon,SKU_027,456
ORD_01353,5,Morning,SKU_100,375
ORD_01353,5,Morning,SKU_240,390
ORD_01353,5,Morning,SKU_374,254
ORD_01353,5,Morning,SKU_018,787
ORD_01353,5,Morning,SKU_364,159
ORD_01354,29,Afternoon,SKU_324,135
ORD_01354,29,Afternoon,SKU_463,126
ORD_01354,29,Afternoon,SKU_289,1230
ORD_01355,20,Morning,SKU_087,585
ORD_01355,20,Morning,SKU_204,545
ORD_01355,20,Morning,SKU_058,418
ORD_01355,20,Morning,SKU_354,571
ORD_01356,7,Morning,SKU_304,501
ORD_01356,7,Morning,SKU_341,106
ORD_01356,7,Morning,SKU_115,603
ORD_01356,7,Morning,SKU_087,192
ORD_01356,7,Morning,SKU_493,310
ORD_01357,8,Morning,SKU_473,98
ORD_01357,8,Morning,SKU_324,557
ORD_01357,8,Morning,SKU_335,287
ORD_01357,8,Morning,SKU_053,128
ORD_01357,8,Morning,SKU_195,467
ORD_01357,8,Morning,SKU_287,522
ORD_01358,7,Morning,SKU_375,582
ORD_01358,7,Morning,SKU_115,482
ORD_01358,7,Morning,SKU_295,695
ORD_01358,7,Morning,SKU_312,350
ORD_01358,7,Morning,SKU_234,385
ORD_01359,22,Morning,SKU_358,652
ORD_01359,22,Morning,SKU_058,255
ORD_01359,22,Morning,SKU_038,766
ORD_01359,22,Morning,SKU_223,313
ORD_01359,22,Morning,SKU_316,668
ORD_01360,1,Morning,SKU_079,433
ORD_01360,1,Morning,SKU_204,173
ORD_01360,1,Morning,SKU_297,438
ORD_01360,1,Morning,SKU_010,505
ORD_01360,1,Morning,SKU_280,481
ORD_01360,1,Morning,SKU_423,189
ORD_01361,11,Morning,SKU_341,211
ORD_01361,11,Morning,SKU_168,583
ORD_01361,11,Morning,SKU_378,106
ORD_01361,11,Morning,SKU_352,634
ORD_01361,11,Morning,SKU_125,386
ORD_01361,11,Morning,SKU_358,335
ORD_01361,11,Morning,SKU_442,166
ORD_01362,3,Morning,SKU_093,153
ORD_01362,3,Morning,SKU_328,203
ORD_01362,3,Morning,SKU_369,446
ORD_01362,3,Morning,SKU_129,168
ORD_01362,3,Morning,SKU_353,752
ORD_01362,3,Morning,SKU_256,530
ORD_01363,21,Morning,SKU_335,420
ORD_01363,21,Morning,SKU_187,101
ORD_01364,11,Morning,SKU_384,454
ORD_01365,2,Morning,SKU_442,306
ORD_01365,2,Morning,SKU_408,480
ORD_01365,2,Morning,SKU_360,79
ORD_01365,2,Morning,SKU_326,194
ORD_01365,2,Morning,SKU_462,995
ORD_01365,2,Morning,SKU_079,291
ORD_01366,8,Afternoon,SKU_021,216
ORD_01366,8,Afternoon,SKU_100,304
ORD_01366,8,Afternoon,SKU_487,363
ORD_01366,8,Afternoon,SKU_484,269
ORD_01367,16,Morning,SKU_331,619
ORD_01367,16,Morning,SKU_469,1025
ORD_01367,16,Morning,SKU_217,1288
ORD_01367,16,Morning,SKU_376,116
ORD_01368,17,Morning,SKU_372,238
ORD_01368,17,Morning,SKU_442,467
ORD_01368,17,Morning,SKU_089,514
ORD_01368,17,Morning,SKU_335,377
ORD_01368,17,Morning,SKU_350,235
ORD_01369,12,Morning,SKU_120,554
ORD_01369,12,Morning,SKU_425,254
ORD_01369,12,Morning,SKU_256,440
ORD_01369,12,Morning,SKU_404,438
ORD_01369,12,Morning,SKU_327,723
ORD_01370,29,Morning,SKU_111,1107
ORD_01370,29,Morning,SKU_250,1437
ORD_01370,29,Morning,SKU_141,321
ORD_01370,29,Morning,SKU_235,789
ORD_01370,29,Morning,SKU_411,105
ORD_01371,20,Afternoon,SKU_500,377
ORD_01371,20,Afternoon,SKU_256,390
ORD_01371,20,Afternoon,SKU_094,133
ORD_01371,20,Afternoon,SKU_033,1076
ORD_01371,20,Afternoon,SKU_115,308
ORD_01371,20,Afternoon,SKU_111,641
ORD_01372,26,Morning,SKU_433,711
ORD_01372,26,Morning,SKU_469,1091
ORD_01372,26,Morning,SKU_255,360
ORD_01372,26,Morning,SKU_285,264
ORD_01372,26,Morning,SKU_025,153
ORD_01372,26,Morning,SKU_428,120
ORD_01372,26,Morning,SKU_256,180
ORD_01373,5,Afternoon,SKU_094,1032
ORD_01374,25,Afternoon,SKU_353,819
ORD_01375,8,Morning,SKU_456,758
ORD_01375,8,Morning,SKU_052,876
ORD_01375,8,Morning,SKU_488,91
ORD_01375,8,Morning,SKU_019,208
ORD_01375,8,Morning,SKU_326,145
ORD_01375,8,Morning,SKU_213,85
ORD_01375,8,Morning,SKU_480,357
ORD_01376,23,Morning,SKU_174,434
ORD_01376,23,Morning,SKU_046,656
ORD_01376,23,Morning,SKU_481,1434
ORD_01376,23,Morning,SKU_282,230
ORD_01376,23,Morning,SKU_040,151
ORD_01377,2,Afternoon,SKU_046,286
ORD_01377,2,Afternoon,SKU_469,1089
ORD_01377,2,Afternoon,SKU_407,533
ORD_01377,2,Afternoon,SKU_108,396
ORD_01377,2,Afternoon,SKU_094,683
ORD_01378,19,Morning,SKU_075,597
ORD_01378,19,Morning,SKU_406,219
ORD_01378,19,Morning,SKU_407,695
ORD_01378,19,Morning,SKU_013,743
ORD_01379,7,Morning,SKU_403,60
ORD_01379,7,Morning,SKU_108,369
ORD_01379,7,Morning,SKU_484,573
ORD_01379,7,Morning,SKU_324,315
ORD_01379,7,Morning,SKU_353,780
ORD_01379,7,Morning,SKU_263,657
ORD_01380,2,Morning,SKU_446,358
ORD_01380,2,Morning,SKU_122,169
ORD_01380,2,Morning,SKU_331,272
ORD_01380,2,Morning,SKU_318,554
ORD_01381,23,Afternoon,SKU_256,217
ORD_01381,23,Afternoon,SKU_466,371
ORD_01381,23,Afternoon,SKU_354,484
ORD_01381,23,Afternoon,SKU_130,214
ORD_01381,23,Afternoon,SKU_326,448
ORD_01381,23,Afternoon,SKU_120,826
ORD_01382,28,Morning,SKU_093,118
ORD_01382,28,Morning,SKU_417,548
ORD_01383,28,Afternoon,SKU_379,662
ORD_01383,28,Afternoon,SKU_462,366
ORD_01383,28,Afternoon,SKU_120,1089
ORD_01383,28,Afternoon,SKU_105,581
ORD_01383,28,Afternoon,SKU_313,346
ORD_01384,27,Afternoon,SKU_337,395
ORD_01384,27,Afternoon,SKU_010,659
ORD_01384,27,Afternoon,SKU_041,570
ORD_01384,27,Afternoon,SKU_162,593
ORD_01384,27,Afternoon,SKU_408,424
ORD_01385,25,Morning,SKU_016,841
ORD_01385,25,Morning,SKU_496,221
ORD_01385,25,Morning,SKU_009,193
ORD_01386,22,Afternoon,SKU_418,385
ORD_01386,22,Afternoon,SKU_335,318
ORD_01386,22,Afternoon,SKU_427,833
ORD_01386,22,Afternoon,SKU_288,229
ORD_01386,22,Afternoon,SKU_286,108
ORD_01386,22,Afternoon,SKU_235,514
ORD_01386,22,Afternoon,SKU_327,133
ORD_01386,22,Afternoon,SKU_293,62
ORD_01387,7,Morning,SKU_258,108
ORD_01387,7,Morning,SKU_354,205
ORD_01387,7,Morning,SKU_353,311
ORD_01387,7,Morning,SKU_020,535
ORD_01387,7,Morning,SKU_017,394
ORD_01387,7,Morning,SKU_055,307
ORD_01387,7,Morning,SKU_267,469
ORD_01388,1,Afternoon,SKU_428,391
ORD_01388,1,Afternoon,SKU_195,470
ORD_01388,1,Afternoon,SKU_074,356
ORD_01388,1,Afternoon,SKU_131,146
ORD_01388,1,Afternoon,SKU_050,930
ORD_01389,6,Morning,SKU_297,253
ORD_01389,6,Morning,SKU_250,1368
ORD_01389,6,Morning,SKU_461,308
ORD_01389,6,Morning,SKU_015,657
ORD_01389,6,Morning,SKU_204,190
ORD_01390,29,Afternoon,SKU_264,399
ORD_01390,29,Afternoon,SKU_441,492
ORD_01390,29,Afternoon,SKU_321,725
ORD_01390,29,Afternoon,SKU_268,850
ORD_01390,29,Afternoon,SKU_189,91
ORD_01391,3,Afternoon,SKU_352,637
ORD_01391,3,Afternoon,SKU_079,523
ORD_01391,3,Afternoon,SKU_358,1092
ORD_01392,16,Morning,SKU_028,403
ORD_01392,16,Morning,SKU_490,793
ORD_01392,16,Morning,SKU_430,134
ORD_01392,16,Morning,SKU_459,877
ORD_01393,4,Afternoon,SKU_408,198
ORD_01393,4,Afternoon,SKU_093,380
ORD_01393,4,Afternoon,SKU_443,196
ORD_01393,4,Afternoon,SKU_352,202
ORD_01393,4,Afternoon,SKU_500,1104
ORD_01393,4,Afternoon,SKU_259,310
ORD_01393,4,Afternoon,SKU_108,420
ORD_01394,25,Morning,SKU_066,154
ORD_01394,25,Morning,SKU_024,848
ORD_01394,25,Morning,SKU_193,871
ORD_01394,25,Morning,SKU_168,1079
ORD_01394,25,Morning,SKU_311,581
ORD_01395,6,Morning,SKU_285,244
ORD_01395,6,Morning,SKU_495,295
ORD_01395,6,Morning,SKU_062,376
ORD_01395,6,Morning,SKU_248,121
ORD_01395,6,Morning,SKU_404,389
ORD_01395,6,Morning,SKU_364,306
ORD_01395,6,Morning,SKU_223,818
ORD_01396,18,Morning,SKU_015,511
ORD_01396,18,Morning,SKU_008,191
ORD_01396,18,Morning,SKU_335,255
ORD_01396,18,Morning,SKU_406,584
ORD_01396,18,Morning,SKU_408,404
ORD_01397,5,Afternoon,SKU_121,421
ORD_01397,5,Afternoon,SKU_114,177
ORD_01397,5,Afternoon,SKU_270,680
ORD_01398,26,Morning,SKU_129,432
ORD_01398,26,Morning,SKU_205,341
ORD_01398,26,Morning,SKU_093,647
ORD_01398,26,Morning,SKU_405,614
ORD_01399,6,Morning,SKU_100,210
ORD_01399,6,Morning,SKU_276,154
ORD_01399,6,Morning,SKU_464,443
ORD_01399,6,Morning,SKU_223,884
ORD_01399,6,Morning,SKU_469,607
ORD_01399,6,Morning,SKU_363,319
ORD_01400,3,Morning,SKU_403,115
ORD_01400,3,Morning,SKU_259,438
ORD_01400,3,Morning,SKU_335,372
ORD_01400,3,Morning,SKU_329,432
ORD_01400,3,Morning,SKU_404,627
ORD_01401,10,Morning,SKU_288,483
ORD_01401,10,Morning,SKU_428,327
ORD_01401,10,Morning,SKU_111,1327
ORD_01401,10,Morning,SKU_080,549
ORD_01401,10,Morning,SKU_386,458
ORD_01402,10,Morning,SKU_459,146
ORD_01402,10,Morning,SKU_327,444
ORD_01402,10,Morning,SKU_358,444
ORD_01402,10,Morning,SKU_405,479
ORD_01402,10,Morning,SKU_191,224
ORD_01402,10,Morning,SKU_093,243
ORD_01402,10,Morning,SKU_168,304
ORD_01402,10,Morning,SKU_137,347
ORD_01403,26,Afternoon,SKU_087,707
ORD_01403,26,Afternoon,SKU_010,651
ORD_01403,26,Afternoon,SKU_195,126
ORD_01403,26,Afternoon,SKU_331,539
ORD_01403,26,Afternoon,SKU_072,586
ORD_01404,23,Afternoon,SKU_105,664
ORD_01405,22,Morning,SKU_490,927
ORD_01405,22,Morning,SKU_297,144
ORD_01405,22,Morning,SKU_350,516
ORD_01405,22,Morning,SKU_354,152
ORD_01406,26,Morning,SKU_223,740
ORD_01406,26,Morning,SKU_062,274
ORD_01406,26,Morning,SKU_452,816
ORD_01406,26,Morning,SKU_497,261
ORD_01406,26,Morning,SKU_324,908
ORD_01407,18,Afternoon,SKU_084,1106
ORD_01407,18,Afternoon,SKU_027,296
ORD_01407,18,Afternoon,SKU_354,531
ORD_01407,18,Afternoon,SKU_089,150
ORD_01407,18,Afternoon,SKU_417,243
ORD_01407,18,Afternoon,SKU_462,304
ORD_01408,1,Morning,SKU_477,84
ORD_01408,1,Morning,SKU_045,572
ORD_01408,1,Morning,SKU_027,327
ORD_01408,1,Morning,SKU_331,598
ORD_01408,1,Morning,SKU_082,624
ORD_01409,22,Afternoon,SKU_384,690
ORD_01409,22,Afternoon,SKU_375,251
ORD_01409,22,Afternoon,SKU_184,481
ORD_01409,22,Afternoon,SKU_255,573
ORD_01409,22,Afternoon,SKU_227,1047
ORD_01410,19,Morning,SKU_335,70
ORD_01410,19,Morning,SKU_318,746
ORD_01410,19,Morning,SKU_489,356
ORD_01410,19,Morning,SKU_476,1100
ORD_01410,19,Morning,SKU_100,208
ORD_01410,19,Morning,SKU_191,246
ORD_01411,26,Afternoon,SKU_481,515
ORD_01411,26,Afternoon,SKU_156,192
ORD_01412,18,Afternoon,SKU_354,261
ORD_01412,18,Afternoon,SKU_184,714
ORD_01412,18,Afternoon,SKU_335,287
ORD_01412,18,Afternoon,SKU_021,100
ORD_01412,18,Afternoon,SKU_318,536
ORD_01412,18,Afternoon,SKU_290,732
ORD_01413,2,Afternoon,SKU_471,225
ORD_01413,2,Afternoon,SKU_473,171
ORD_01413,2,Afternoon,SKU_302,461
ORD_01413,2,Afternoon,SKU_217,1374
ORD_01413,2,Afternoon,SKU_084,375
ORD_01413,2,Afternoon,SKU_373,583
ORD_01414,2,Morning,SKU_240,325
ORD_01414,2,Morning,SKU_015,353
ORD_01414,2,Morning,SKU_156,214
ORD_01414,2,Morning,SKU_279,327
ORD_01414,2,Morning,SKU_378,747
ORD_01414,2,Morning,SKU_108,151
ORD_01414,2,Morning,SKU_354,498
ORD_01415,12,Afternoon,SKU_374,621
ORD_01415,12,Afternoon,SKU_360,192
ORD_01415,12,Afternoon,SKU_131,148
ORD_01415,12,Afternoon,SKU_027,374
ORD_01415,12,Afternoon,SKU_399,135
ORD_01416,21,Morning,SKU_270,563
ORD_01416,21,Morning,SKU_404,256
ORD_01416,21,Morning,SKU_115,451
ORD_01416,21,Morning,SKU_388,669
ORD_01416,21,Morning,SKU_469,771
ORD_01417,30,Morning,SKU_425,380
ORD_01417,30,Morning,SKU_187,555
ORD_01417,30,Morning,SKU_324,427
ORD_01417,30,Morning,SKU_286,898
ORD_01417,30,Morning,SKU_059,46
ORD_01418,17,Afternoon,SKU_290,962
ORD_01418,17,Afternoon,SKU_046,520
ORD_01418,17,Afternoon,SKU_222,613
ORD_01418,17,Afternoon,SKU_047,769
ORD_01418,17,Afternoon,SKU_083,333
ORD_01419,24,Morning,SKU_354,250
ORD_01419,24,Morning,SKU_248,546
ORD_01419,24,Morning,SKU_360,436
ORD_01419,24,Morning,SKU_050,596
ORD_01420,6,Morning,SKU_481,842
ORD_01420,6,Morning,SKU_469,774
ORD_01420,6,Morning,SKU_365,302
ORD_01420,6,Morning,SKU_425,99
ORD_01420,6,Morning,SKU_347,251
ORD_01421,27,Afternoon,SKU_463,73
ORD_01421,27,Afternoon,SKU_225,180
ORD_01421,27,Afternoon,SKU_139,287
ORD_01421,27,Afternoon,SKU_189,205
ORD_01422,20,Afternoon,SKU_130,822
ORD_01422,20,Afternoon,SKU_027,130
ORD_01423,23,Afternoon,SKU_131,323
ORD_01423,23,Afternoon,SKU_313,756
ORD_01423,23,Afternoon,SKU_258,364
ORD_01423,23,Afternoon,SKU_374,531
ORD_01423,23,Afternoon,SKU_186,86
ORD_01424,30,Afternoon,SKU_375,258
ORD_01424,30,Afternoon,SKU_213,653
ORD_01424,30,Afternoon,SKU_384,485
ORD_01425,4,Afternoon,SKU_353,452
ORD_01425,4,Afternoon,SKU_405,822
ORD_01425,4,Afternoon,SKU_240,388
ORD_01425,4,Afternoon,SKU_187,192
ORD_01425,4,Afternoon,SKU_409,426
ORD_01426,6,Afternoon,SKU_227,1236
ORD_01426,6,Afternoon,SKU_400,479
ORD_01426,6,Afternoon,SKU_395,136
ORD_01426,6,Afternoon,SKU_472,81
ORD_01427,23,Morning,SKU_108,288
ORD_01427,23,Morning,SKU_352,96
ORD_01427,23,Morning,SKU_214,694
ORD_01427,23,Morning,SKU_129,107
ORD_01427,23,Morning,SKU_079,478
ORD_01427,23,Morning,SKU_030,76
ORD_01427,23,Morning,SKU_312,324
ORD_01427,23,Morning,SKU_409,183
ORD_01428,11,Morning,SKU_487,203
ORD_01428,11,Morning,SKU_093,644
ORD_01428,11,Morning,SKU_288,892
ORD_01428,11,Morning,SKU_037,381
ORD_01428,11,Morning,SKU_001,239
ORD_01428,11,Morning,SKU_272,200
ORD_01429,9,Afternoon,SKU_259,352
ORD_01429,9,Afternoon,SKU_293,286
ORD_01429,9,Afternoon,SKU_115,494
ORD_01430,25,Morning,SKU_186,144
ORD_01430,25,Morning,SKU_217,982
ORD_01430,25,Morning,SKU_256,452
ORD_01430,25,Morning,SKU_452,913
ORD_01430,25,Morning,SKU_348,249
ORD_01431,25,Afternoon,SKU_318,200
ORD_01431,25,Afternoon,SKU_302,85
ORD_01431,25,Afternoon,SKU_419,436
ORD_01431,25,Afternoon,SKU_144,374
ORD_01431,25,Afternoon,SKU_431,360
ORD_01431,25,Afternoon,SKU_353,845
ORD_01431,25,Afternoon,SKU_459,282
ORD_01431,25,Afternoon,SKU_286,566
ORD_01432,24,Morning,SKU_093,88
ORD_01432,24,Morning,SKU_446,465
ORD_01432,24,Morning,SKU_069,477
ORD_01432,24,Morning,SKU_489,707
ORD_01432,24,Morning,SKU_192,538
ORD_01433,17,Afternoon,SKU_130,772
ORD_01433,17,Afternoon,SKU_466,220
ORD_01433,17,Afternoon,SKU_358,846
ORD_01433,17,Afternoon,SKU_194,287
ORD_01433,17,Afternoon,SKU_475,436
ORD_01434,10,Morning,SKU_341,513
ORD_01434,10,Morning,SKU_168,320
ORD_01434,10,Morning,SKU_335,385
ORD_01434,10,Morning,SKU_285,695
ORD_01434,10,Morning,SKU_441,463
ORD_01435,24,Afternoon,SKU_254,854
ORD_01436,20,Morning,SKU_205,223
ORD_01436,20,Morning,SKU_071,280
ORD_01436,20,Morning,SKU_064,402
ORD_01436,20,Morning,SKU_385,935
ORD_01436,20,Morning,SKU_169,1197
ORD_01437,6,Morning,SKU_381,95
ORD_01437,6,Morning,SKU_376,520
ORD_01438,9,Morning,SKU_423,298
ORD_01438,9,Morning,SKU_024,147
ORD_01438,9,Morning,SKU_375,754
ORD_01438,9,Morning,SKU_186,135
ORD_01438,9,Morning,SKU_297,567
ORD_01439,10,Morning,SKU_080,994
ORD_01439,10,Morning,SKU_297,566
ORD_01439,10,Morning,SKU_422,121
ORD_01439,10,Morning,SKU_386,236
ORD_01440,2,Morning,SKU_210,474
ORD_01440,2,Morning,SKU_264,223
ORD_01440,2,Morning,SKU_447,606
ORD_01440,2,Morning,SKU_205,109
ORD_01440,2,Morning,SKU_087,991
ORD_01440,2,Morning,SKU_463,580
ORD_01441,2,Afternoon,SKU_379,805
ORD_01441,2,Afternoon,SKU_416,325
ORD_01441,2,Afternoon,SKU_001,761
ORD_01441,2,Afternoon,SKU_187,132
ORD_01441,2,Afternoon,SKU_040,193
ORD_01442,7,Morning,SKU_005,293
ORD_01442,7,Morning,SKU_443,358
ORD_01442,7,Morning,SKU_195,291
ORD_01442,7,Morning,SKU_357,359
ORD_01442,7,Morning,SKU_066,606
ORD_01442,7,Morning,SKU_104,597
ORD_01443,6,Afternoon,SKU_055,406
ORD_01443,6,Afternoon,SKU_051,370
ORD_01443,6,Afternoon,SKU_264,355
ORD_01444,9,Afternoon,SKU_372,203
ORD_01444,9,Afternoon,SKU_260,336
ORD_01444,9,Afternoon,SKU_447,1132
ORD_01444,9,Afternoon,SKU_496,320
ORD_01444,9,Afternoon,SKU_080,554
ORD_01444,9,Afternoon,SKU_168,192
ORD_01445,23,Morning,SKU_079,671
ORD_01445,23,Morning,SKU_446,503
ORD_01445,23,Morning,SKU_008,541
ORD_01445,23,Morning,SKU_052,591
ORD_01446,28,Afternoon,SKU_474,165
ORD_01446,28,Afternoon,SKU_425,132
ORD_01446,28,Afternoon,SKU_050,1104
ORD_01446,28,Afternoon,SKU_144,275
ORD_01446,28,Afternoon,SKU_441,524
ORD_01447,23,Afternoon,SKU_235,97
ORD_01447,23,Afternoon,SKU_323,317
ORD_01447,23,Afternoon,SKU_455,341
ORD_01447,23,Afternoon,SKU_491,137
ORD_01447,23,Afternoon,SKU_381,584
ORD_01447,23,Afternoon,SKU_066,184
ORD_01447,23,Afternoon,SKU_375,763
ORD_01448,9,Morning,SKU_433,914
ORD_01448,9,Morning,SKU_074,349
ORD_01448,9,Morning,SKU_201,594
ORD_01448,9,Morning,SKU_329,325
ORD_01449,6,Morning,SKU_156,520
ORD_01449,6,Morning,SKU_413,945
ORD_01449,6,Morning,SKU_070,208
ORD_01450,18,Morning,SKU_070,255
ORD_01450,18,Morning,SKU_197,415
ORD_01450,18,Morning,SKU_156,387
ORD_01450,18,Morning,SKU_351,594
ORD_01450,18,Morning,SKU_223,688
ORD_01450,18,Morning,SKU_303,333
ORD_01451,26,Afternoon,SKU_294,805
ORD_01451,26,Afternoon,SKU_414,831
ORD_01451,26,Afternoon,SKU_056,585
ORD_01451,26,Afternoon,SKU_131,356
ORD_01452,7,Morning,SKU_225,444
ORD_01452,7,Morning,SKU_017,135
ORD_01452,7,Morning,SKU_118,783
ORD_01452,7,Morning,SKU_373,458
ORD_01452,7,Morning,SKU_021,289
ORD_01453,21,Morning,SKU_037,617
ORD_01453,21,Morning,SKU_164,259
ORD_01453,21,Morning,SKU_176,544
ORD_01453,21,Morning,SKU_433,574
ORD_01454,16,Morning,SKU_104,314
ORD_01454,16,Morning,SKU_080,988
ORD_01454,16,Morning,SKU_304,298
ORD_01454,16,Morning,SKU_286,717
ORD_01454,16,Morning,SKU_381,192
ORD_01454,16,Morning,SKU_176,525
ORD_01455,9,Afternoon,SKU_484,393
ORD_01455,9,Afternoon,SKU_085,797
ORD_01455,9,Afternoon,SKU_294,837
ORD_01455,9,Afternoon,SKU_477,241
ORD_01455,9,Afternoon,SKU_161,375
ORD_01455,9,Afternoon,SKU_258,215
ORD_01456,2,Afternoon,SKU_473,184
ORD_01456,2,Afternoon,SKU_455,707
ORD_01456,2,Afternoon,SKU_062,333
ORD_01456,2,Afternoon,SKU_083,282
ORD_01456,2,Afternoon,SKU_308,361
ORD_01457,11,Morning,SKU_331,216
ORD_01457,11,Morning,SKU_045,94
ORD_01457,11,Morning,SKU_288,735
ORD_01457,11,Morning,SKU_079,716
ORD_01457,11,Morning,SKU_404,789
ORD_01458,24,Afternoon,SKU_058,112
ORD_01458,24,Afternoon,SKU_445,948
ORD_01458,24,Afternoon,SKU_086,275
ORD_01458,24,Afternoon,SKU_304,539
ORD_01458,24,Afternoon,SKU_263,208
ORD_01458,24,Afternoon,SKU_008,455
ORD_01459,17,Morning,SKU_213,276
ORD_01459,17,Morning,SKU_495,626
ORD_01459,17,Morning,SKU_469,352
ORD_01459,17,Morning,SKU_272,312
ORD_01459,17,Morning,SKU_055,167
ORD_01459,17,Morning,SKU_027,291
ORD_01460,15,Morning,SKU_423,404
ORD_01460,15,Morning,SKU_342,66
ORD_01461,22,Morning,SKU_227,142
ORD_01461,22,Morning,SKU_352,359
ORD_01461,22,Morning,SKU_353,600
ORD_01461,22,Morning,SKU_469,865
ORD_01461,22,Morning,SKU_430,556
ORD_01461,22,Morning,SKU_083,425
ORD_01462,9,Morning,SKU_485,213
ORD_01462,9,Morning,SKU_014,429
ORD_01462,9,Morning,SKU_329,473
ORD_01462,9,Morning,SKU_497,553
ORD_01462,9,Morning,SKU_459,852
ORD_01463,3,Morning,SKU_204,240
ORD_01463,3,Morning,SKU_352,479
ORD_01463,3,Morning,SKU_448,75
ORD_01463,3,Morning,SKU_100,401
ORD_01463,3,Morning,SKU_463,510
ORD_01463,3,Morning,SKU_145,263
ORD_01464,6,Morning,SKU_093,671
ORD_01464,6,Morning,SKU_195,172
ORD_01464,6,Morning,SKU_214,605
ORD_01464,6,Morning,SKU_080,1071
ORD_01465,25,Afternoon,SKU_272,400
ORD_01465,25,Afternoon,SKU_130,452
ORD_01466,14,Afternoon,SKU_017,470
ORD_01466,14,Afternoon,SKU_120,517
ORD_01467,11,Morning,SKU_250,842
ORD_01467,11,Morning,SKU_484,828
ORD_01467,11,Morning,SKU_070,485
ORD_01467,11,Morning,SKU_227,873
ORD_01468,5,Morning,SKU_082,696
ORD_01468,5,Morning,SKU_256,148
ORD_01468,5,Morning,SKU_373,272
ORD_01469,6,Morning,SKU_155,934
ORD_01469,6,Morning,SKU_380,112
ORD_01469,6,Morning,SKU_027,521
ORD_01469,6,Morning,SKU_251,558
ORD_01469,6,Morning,SKU_248,360
ORD_01470,24,Morning,SKU_369,323
ORD_01470,24,Morning,SKU_014,561
ORD_01470,24,Morning,SKU_312,521
ORD_01470,24,Morning,SKU_484,427
ORD_01470,24,Morning,SKU_023,339
ORD_01470,24,Morning,SKU_260,273
ORD_01471,12,Morning,SKU_258,323
ORD_01471,12,Morning,SKU_104,260
ORD_01471,12,Morning,SKU_151,405
ORD_01471,12,Morning,SKU_058,403
ORD_01471,12,Morning,SKU_090,488
ORD_01472,21,Morning,SKU_304,325
ORD_01472,21,Morning,SKU_263,803
ORD_01472,21,Morning,SKU_159,973
ORD_01472,21,Morning,SKU_223,666
ORD_01473,18,Morning,SKU_048,276
ORD_01473,18,Morning,SKU_098,219
ORD_01473,18,Morning,SKU_195,119
ORD_01473,18,Morning,SKU_082,890
ORD_01473,18,Morning,SKU_093,577
ORD_01473,18,Morning,SKU_376,398
ORD_01474,29,Morning,SKU_259,550
ORD_01474,29,Morning,SKU_014,212
ORD_01474,29,Morning,SKU_046,694
ORD_01474,29,Morning,SKU_038,596
ORD_01474,29,Morning,SKU_223,518
ORD_01475,20,Afternoon,SKU_258,783
ORD_01475,20,Afternoon,SKU_447,519
ORD_01475,20,Afternoon,SKU_205,522
ORD_01475,20,Afternoon,SKU_280,830
ORD_01476,16,Morning,SKU_341,128
ORD_01476,16,Morning,SKU_318,768
ORD_01476,16,Morning,SKU_144,246
ORD_01476,16,Morning,SKU_290,1210
ORD_01476,16,Morning,SKU_059,82
ORD_01476,16,Morning,SKU_066,1108
ORD_01477,29,Morning,SKU_335,227
ORD_01477,29,Morning,SKU_494,614
ORD_01477,29,Morning,SKU_344,348
ORD_01477,29,Morning,SKU_014,133
ORD_01477,29,Morning,SKU_129,58
ORD_01477,29,Morning,SKU_250,194
ORD_01477,29,Morning,SKU_156,191
ORD_01478,30,Afternoon,SKU_121,612
ORD_01478,30,Afternoon,SKU_106,1063
ORD_01478,30,Afternoon,SKU_474,448
ORD_01478,30,Afternoon,SKU_176,907
ORD_01479,12,Morning,SKU_037,943
ORD_01479,12,Morning,SKU_244,1469
ORD_01479,12,Morning,SKU_476,547
ORD_01480,24,Afternoon,SKU_471,72
ORD_01480,24,Afternoon,SKU_080,1168
ORD_01481,8,Afternoon,SKU_070,348
ORD_01482,7,Morning,SKU_154,328
ORD_01483,13,Morning,SKU_255,812
ORD_01483,13,Morning,SKU_203,425
ORD_01483,13,Morning,SKU_480,818
ORD_01483,13,Morning,SKU_017,670
ORD_01484,4,Morning,SKU_462,906
ORD_01484,4,Morning,SKU_372,203
ORD_01484,4,Morning,SKU_426,572
ORD_01484,4,Morning,SKU_250,967
ORD_01484,4,Morning,SKU_326,188
ORD_01484,4,Morning,SKU_460,64
ORD_01485,25,Morning,SKU_373,303
ORD_01485,25,Morning,SKU_159,714
ORD_01486,5,Afternoon,SKU_243,398
ORD_01486,5,Afternoon,SKU_304,451
ORD_01486,5,Afternoon,SKU_068,202
ORD_01486,5,Afternoon,SKU_047,183
ORD_01486,5,Afternoon,SKU_046,148
ORD_01486,5,Afternoon,SKU_024,1378
ORD_01486,5,Afternoon,SKU_401,64
ORD_01487,18,Afternoon,SKU_375,394
ORD_01487,18,Afternoon,SKU_227,1141
ORD_01487,18,Afternoon,SKU_327,347
ORD_01487,18,Afternoon,SKU_014,510
ORD_01487,18,Afternoon,SKU_484,286
ORD_01487,18,Afternoon,SKU_008,155
ORD_01488,1,Afternoon,SKU_286,717
ORD_01488,1,Afternoon,SKU_289,400
ORD_01488,1,Afternoon,SKU_014,203
ORD_01488,1,Afternoon,SKU_409,350
ORD_01488,1,Afternoon,SKU_347,553
ORD_01488,1,Afternoon,SKU_324,436
ORD_01489,22,Morning,SKU_290,1065
ORD_01489,22,Morning,SKU_335,352
ORD_01489,22,Morning,SKU_420,410
ORD_01489,22,Morning,SKU_028,495
ORD_01489,22,Morning,SKU_496,127
ORD_01489,22,Morning,SKU_408,375
ORD_01490,3,Morning,SKU_115,170
ORD_01490,3,Morning,SKU_360,641
ORD_01490,3,Morning,SKU_078,126
ORD_01490,3,Morning,SKU_223,835
ORD_01490,3,Morning,SKU_373,722
ORD_01491,23,Afternoon,SKU_111,423
ORD_01491,23,Afternoon,SKU_010,526
ORD_01491,23,Afternoon,SKU_079,703
ORD_01491,23,Afternoon,SKU_352,327
ORD_01491,23,Afternoon,SKU_059,417
ORD_01492,6,Morning,SKU_409,461
ORD_01492,6,Morning,SKU_279,438
ORD_01492,6,Morning,SKU_302,80
ORD_01492,6,Morning,SKU_107,248
ORD_01492,6,Morning,SKU_079,292
ORD_01492,6,Morning,SKU_473,203
ORD_01493,1,Afternoon,SKU_496,504
ORD_01493,1,Afternoon,SKU_258,596
ORD_01493,1,Afternoon,SKU_167,454
ORD_01493,1,Afternoon,SKU_326,89
ORD_01493,1,Afternoon,SKU_354,116
ORD_01493,1,Afternoon,SKU_266,588
ORD_01494,17,Morning,SKU_244,792
ORD_01494,17,Morning,SKU_125,213
ORD_01494,17,Morning,SKU_425,505
ORD_01494,17,Morning,SKU_206,139
ORD_01494,17,Morning,SKU_275,579
ORD_01495,16,Morning,SKU_352,752
ORD_01495,16,Morning,SKU_191,431
ORD_01495,16,Morning,SKU_264,553
ORD_01495,16,Morning,SKU_305,675
ORD_01496,15,Morning,SKU_052,722
ORD_01496,15,Morning,SKU_463,326
ORD_01496,15,Morning,SKU_426,419
ORD_01496,15,Morning,SKU_351,284
ORD_01496,15,Morning,SKU_456,744
ORD_01497,9,Afternoon,SKU_405,593
ORD_01497,9,Afternoon,SKU_445,631
ORD_01497,9,Afternoon,SKU_041,511
ORD_01497,9,Afternoon,SKU_186,222
ORD_01497,9,Afternoon,SKU_418,686
ORD_01497,9,Afternoon,SKU_066,30
ORD_01498,21,Morning,SKU_159,409
ORD_01498,21,Morning,SKU_069,509
ORD_01498,21,Morning,SKU_495,73
ORD_01498,21,Morning,SKU_244,841
ORD_01498,21,Morning,SKU_169,708
ORD_01498,21,Morning,SKU_014,488
ORD_01498,21,Morning,SKU_079,157
ORD_01499,17,Afternoon,SKU_156,549
ORD_01499,17,Afternoon,SKU_375,388
ORD_01499,17,Afternoon,SKU_079,768
ORD_01499,17,Afternoon,SKU_046,345
ORD_01499,17,Afternoon,SKU_279,476
ORD_01500,21,Afternoon,SKU_176,930
ORD_01501,25,Afternoon,SKU_324,418
ORD_01501,25,Afternoon,SKU_141,364
ORD_01502,29,Afternoon,SKU_195,124
ORD_01502,29,Afternoon,SKU_250,797
ORD_01502,29,Afternoon,SKU_354,498
ORD_01502,29,Afternoon,SKU_263,323
ORD_01502,29,Afternoon,SKU_162,657
ORD_01503,14,Morning,SKU_169,864
ORD_01503,14,Morning,SKU_272,464
ORD_01504,26,Afternoon,SKU_099,681
ORD_01504,26,Afternoon,SKU_297,231
ORD_01504,26,Afternoon,SKU_410,500
ORD_01504,26,Afternoon,SKU_258,573
ORD_01504,26,Afternoon,SKU_050,714
